ofi_00,ofi_01,ofi_02,ofi_03,ofi_04,ofi_05,ofi_06,ofi_07,ofi_08,ofi_09,integrated_ofi
0,0,0,0,0,0,0,0,0,0,0.0
2,0,0,0,0,0,0,0,0,0,0.05748570135159972
3,0,0,0,0,0,0,0,0,0,0.08622855202739958
0,0,200,0,0,0,0,0,0,0,28.256849053406004
0,0,-200,0,0,0,0,0,0,0,-28.256849053406004
0,400,10,0,0,0,0,0,0,0,32.91126041907319
0,0,0,0,0,0,-200,-200,-44,-155,-50.521167810823854
-200,0,0,0,0,0,0,0,0,0,-5.748570135159972
1,8,150,29,25,200,200,44,155,400,116.49412594948092
-200,-1,-8,-150,-29,-25,-200,-200,-44,-155,-89.14671107733118
-3,0,0,0,0,0,0,0,0,0,-0.08622855202739958
1,0,0,0,0,0,0,0,0,0,0.02874285067579986
-1,0,0,0,0,0,0,0,0,0,-0.02874285067579986
-2,0,0,0,0,0,0,0,0,0,-0.05748570135159972
2,139,400,10,28,15,110,10,110,100,101.49659973748253
3,0,0,0,0,0,0,0,0,0,0.08622855202739958
0,0,0,0,25,200,200,44,155,400,89.85612266549995
0,0,0,-29,0,0,0,0,0,0,-4.786655283922613
-3,0,0,0,0,0,0,0,0,0,-0.08622855202739958
-139,-400,-10,-28,-15,-110,-10,-110,-100,-55,-79.33580016050026
3,0,0,0,0,0,0,0,0,0,0.08622855202739958
2,0,0,0,0,0,0,0,0,0,0.05748570135159972
0,0,0,-15,-110,-10,-110,-100,-55,-1,-42.05492907237014
0,0,0,27,15,110,10,110,100,55,42.264226418734935
0,400,0,0,0,0,0,0,0,0,31.498417966402886
0,0,0,0,0,200,44,155,400,1,73.69797110339182
0,-200,0,0,0,0,0,0,0,0,-15.749208983201443
0,-10,-27,-15,-110,-10,-110,-100,-55,-1,-46.65706414374003
0,400,10,27,15,110,10,110,100,55,75.17548683780812
0,0,0,29,0,0,0,0,0,0,4.786655283922613
0,0,-27,0,0,0,0,0,0,0,-3.8146746222098105
0,400,0,0,0,0,0,0,0,0,31.498417966402886
0,0,0,-15,-110,-10,-110,-100,-55,-1,-42.05492907237014
0,0,0,27,15,110,10,110,100,55,42.264226418734935
0,400,0,0,0,0,0,0,0,0,31.498417966402886
-200,0,0,0,0,0,0,0,0,0,-5.748570135159972
0,-10,-27,-15,-110,-10,-110,-100,-55,-1,-46.65706414374003
0,400,10,27,15,110,10,110,100,55,75.17548683780812
0,0,0,-15,-110,-10,-110,-100,-55,-1,-42.05492907237014
0,0,30,0,0,0,0,0,0,0,4.2385273580109
0,0,27,0,0,0,0,0,0,0,3.8146746222098105
0,0,0,0,-27,-25,-200,-44,-155,-400,-69.64019827995538
0,400,0,0,0,0,0,0,0,0,31.498417966402886
0,0,27,40,15,110,10,110,100,55,48.224643064772124
0,0,0,-30,0,0,0,0,0,0,-4.951712362678566
-139,0,0,0,0,0,0,0,0,0,-3.9952562439361805
-2,0,0,0,0,0,0,0,0,0,-0.05748570135159972
-400,-27,-10,-15,-110,-10,-110,-100,-55,-1,-57.09105500809259
2,400,27,10,15,110,10,110,100,55,74.82883436984804
-400,-27,-10,-15,-110,-10,-110,-100,-55,-1,-57.09105500809259
-27,-10,-15,-110,-10,-110,-100,-55,-1,-50,-53.60700622349826
0,0,200,15,110,10,110,100,55,1,70.31177812577616
201,8,150,27,25,200,44,155,400,1,109.18733460779787
-200,0,0,0,0,0,0,0,0,0,-5.748570135159972
0,0,200,0,0,0,0,0,0,0,28.256849053406004
-200,-201,-8,-150,-27,-25,-200,-44,-155,-400,-117.10555921876188
29,27,10,200,15,110,10,110,100,55,75.19162937851536
0,-10,-200,-15,-110,-10,-110,-100,-55,-1,-71.09923857493622
-100,-200,-201,-8,-150,-27,-25,-200,-44,-155,-107.11789880452805
200,201,8,150,27,25,200,44,155,400,117.10555921876188
0,0,-15,-110,-10,-110,-100,-55,-1,-50,-52.04348880609159
0,0,200,15,110,10,110,100,55,1,70.31177812577616
0,0,0,0,0,0,-26,-200,-44,-155,-35.105584494357046
0,0,0,0,25,26,200,44,155,400,69.48265483610447
0,0,200,0,0,0,0,0,0,0,28.256849053406004
201,8,150,25,26,200,44,155,400,1,108.99453661999704
0,-200,-8,-150,-25,-26,-200,-44,-155,-400,-111.12069959483499
0,0,-200,0,0,0,0,0,0,0,-28.256849053406004
0,0,200,0,0,0,0,0,0,0,28.256849053406004
-10,-200,-15,-110,-10,-110,-100,-55,-1,-50,-68.08012629605103
28,10,200,15,110,10,110,100,55,1,71.90403839385861
0,0,-15,-110,-10,-110,-100,-55,-1,-50,-52.04348880609159
0,0,400,15,110,10,110,100,55,1,98.56862717918216
-200,8,150,25,26,200,44,155,400,1,97.46865349900129
0,0,200,0,0,0,0,0,0,0,28.256849053406004
0,0,200,0,0,0,0,0,0,0,28.256849053406004
0,0,0,0,0,0,0,2,0,0,0.18092604377672628
200,0,0,0,0,0,0,0,0,0,5.748570135159972
0,-200,0,0,0,0,0,0,0,0,-15.749208983201443
0,0,-200,0,0,0,0,0,0,0,-28.256849053406004
0,0,400,0,0,0,0,0,0,0,56.51369810681201
-10,-400,-15,-110,-10,-110,-100,-55,-1,-50,-83.82933527925248
26,10,400,15,110,10,110,100,55,1,100.10340174591302
0,200,0,0,0,0,0,0,0,0,15.749208983201443
0,0,-200,0,0,0,0,0,0,0,-28.256849053406004
0,-200,200,0,0,0,0,0,0,0,12.50764007020456
0,0,0,0,200,44,153,400,1,600,125.62762216683862
0,0,0,0,-28,-200,-44,-153,-400,-1,-77.36189781152534
0,0,0,0,200,44,153,400,1,600,125.62762216683862
0,0,0,0,-30,-200,-44,-153,-400,-1,-77.6365301509475
0,200,0,0,0,0,0,0,0,0,15.749208983201443
0,0,-200,0,0,0,0,0,0,0,-28.256849053406004
0,0,400,0,0,0,0,0,0,0,56.51369810681201
0,0,200,0,0,0,0,0,0,0,28.256849053406004
-10,-200,-15,-110,-10,-110,-100,-55,-1,-50,-68.08012629605103
27,10,200,15,110,10,110,100,55,1,71.87529554318282
0,0,-15,-110,-10,-110,-100,-55,-1,-50,-52.04348880609159
0,0,400,15,110,10,110,100,55,1,98.56862717918216
0,-200,200,0,0,0,0,0,0,0,12.50764007020456
0,0,0,0,0,0,0,-1,0,0,-0.09046302188836314
0,200,0,0,0,0,0,0,0,0,15.749208983201443
0,0,-200,0,0,0,0,0,0,0,-28.256849053406004
0,-200,200,0,0,0,0,0,0,0,12.50764007020456
0,0,200,0,0,0,0,0,0,0,28.256849053406004
-100,-201,-208,-150,-25,-30,-200,-44,-154,-400,-142.7182147321765
201,208,150,25,30,200,44,154,400,1,125.20254726015445
0,200,0,0,0,0,0,0,0,0,15.749208983201443
0,-200,0,0,0,0,0,0,0,0,-15.749208983201443
0,0,200,0,0,0,0,0,0,0,28.256849053406004
0,200,0,0,0,0,0,0,0,0,15.749208983201443
0,0,0,-200,-25,-30,-200,-44,-154,-400,-102.88170555873442
0,0,-200,25,30,200,44,154,400,1,53.59657108832866
-100,-201,-8,-350,-25,-30,-200,-44,-154,-400,-147.47278142996095
201,8,350,25,30,200,44,154,400,1,137.71018733035902
1,27,10,400,15,110,10,110,100,55,107.3982453107834
0,0,0,0,0,0,0,0,0,0,0.0
0,0,0,0,0,0,0,0,0,0,0.0
0,0,0,0,0,0,0,0,0,0,0.0
0,0,0,0,0,0,0,0,0,0,0.0
0,0,0,0,0,0,0,0,0,0,0.0
0,-10,-400,-15,-110,-10,-110,-100,-55,-1,-99.35608762834222
0,29,10,400,15,110,10,110,100,55,107.52699454993962
0,0,200,0,0,0,0,0,0,0,28.256849053406004
0,0,0,-200,0,0,0,0,0,0,-33.011415751190434
0,0,0,-200,0,0,0,0,0,0,-33.011415751190434
0,0,0,400,0,0,0,0,0,0,66.02283150238087
0,0,0,-200,-25,-30,-200,-44,-154,-400,-102.88170555873442
0,0,-200,25,30,200,44,154,400,1,53.59657108832866
0,0,0,0,0,0,0,0,0,0,0.0
0,0,200,0,0,0,0,0,0,0,28.256849053406004
0,0,0,-200,0,0,0,0,0,0,-33.011415751190434
0,0,-200,200,0,0,0,0,0,0,4.75456669778443
0,0,0,0,0,0,0,0,0,0,0.0
-20,-201,-8,-350,-25,-30,-200,-44,-154,-400,-145.17335337589694
0,0,0,0,0,0,0,0,0,0,0.0
0,0,0,0,0,0,0,0,0,0,0.0
0,-10,-400,-15,-110,-10,-110,-100,-55,-1,-99.35608762834222
0,0,0,27,15,110,10,110,100,55,42.264226418734935
0,0,-200,200,0,0,0,0,0,0,4.75456669778443
0,0,0,0,0,0,0,0,0,0,0.0
-10,-400,-27,-15,-110,-10,-110,-100,-55,-1,-77.65545016774085
-23,-20,-201,-208,-150,-25,-30,-200,-44,-154,-123.87863993378788
0,-27,-15,-110,-10,-110,-100,-55,-1,-50,-54.16963201882379
0,200,27,15,110,10,110,100,55,1,61.6188126777814
20,201,208,150,25,30,200,44,154,400,140.41878667811253
0,-27,-15,-110,-10,-110,-100,-55,-1,-50,-54.16963201882379
0,0,200,0,0,0,0,0,0,0,28.256849053406004
0,0,0,-200,0,0,0,0,0,0,-33.011415751190434
0,400,27,15,110,10,110,100,55,1,77.36802166098285
200,10,0,0,0,0,0,0,0,0,6.536030584320044
200,0,0,0,0,0,0,0,0,0,5.748570135159972
-200,0,0,0,0,0,0,0,0,0,-5.748570135159972
-10,-27,-15,-110,-10,-110,-100,-55,-1,-50,-54.45706052558178
0,0,0,0,0,0,0,0,0,0,0.0
0,400,27,15,110,10,110,100,55,1,77.36802166098285
200,10,0,0,0,0,0,0,0,0,6.536030584320044
0,0,-200,200,0,0,0,0,0,0,4.75456669778443
0,0,200,0,0,0,0,0,0,0,28.256849053406004
0,0,0,-200,0,0,0,0,0,0,-33.011415751190434
200,0,0,0,0,0,0,0,0,0,5.748570135159972
0,-500,-201,-8,-350,-25,-30,-200,-44,-154,-155.46747411895345
500,201,8,350,25,30,200,44,154,400,158.96992170028088
-200,0,0,0,0,0,0,0,0,0,-5.748570135159972
1,200,10,27,15,110,10,110,100,55,59.45502070528248
0,200,0,0,0,0,0,0,0,0,15.749208983201443
0,0,0,-15,-110,-10,-110,-100,-55,-1,-42.05492907237014
0,0,0,26,15,110,10,110,100,55,42.099169339978985
0,0,0,200,0,0,0,0,0,0,33.011415751190434
0,0,0,0,-200,-25,-30,-200,-44,-154,-65.77843627556723
0,-200,0,0,0,0,0,0,0,0,-15.749208983201443
0,400,0,0,0,0,0,0,0,0,31.498417966402886
0,-10,-26,-15,-110,-10,-110,-100,-55,-1,-46.515779898473
0,0,200,26,15,110,10,110,100,55,70.35601839338499
0,0,200,0,0,0,0,0,0,0,28.256849053406004
0,0,-26,-15,-110,-10,-110,-100,-55,-1,-45.72831944931293
0,0,200,26,15,110,10,110,100,55,70.35601839338499
0,0,200,0,0,0,0,0,0,0,28.256849053406004
0,0,-200,0,0,0,0,0,0,0,-28.256849053406004
0,0,200,0,0,0,0,0,0,0,28.256849053406004
0,0,200,0,0,0,0,0,0,0,28.256849053406004
0,0,0,0,25,30,200,44,154,400,69.870289807544
0,0,0,0,-200,0,0,0,0,0,-27.463233942215954
0,0,0,0,0,200,44,154,400,1,73.60750808150347
0,0,0,0,0,-28,-200,-44,-154,-400,-66.20320777362451
0,0,-200,0,0,0,0,0,0,0,-28.256849053406004
0,0,200,0,0,0,0,0,0,0,28.256849053406004
0,0,0,-15,-110,-10,-110,-100,-55,-1,-42.05492907237014
0,0,0,29,15,110,10,110,100,55,42.59434057624684
0,0,0,0,0,0,0,0,0,0,0.0
0,0,0,0,-200,-25,-28,-200,-44,-154,-65.60124566273429
0,0,0,0,0,0,200,44,154,400,62.92471869762984
0,0,0,0,0,0,-29,-200,-44,-154,-35.299384637653844
0,0,0,0,0,0,0,0,0,0,0.0
0,0,0,0,25,29,200,44,154,400,69.75320091197275
0,0,0,0,-200,0,0,0,0,0,-27.463233942215954
0,0,0,0,-200,-25,-29,-200,-44,-154,-65.68984096915077
0,0,-29,-15,-110,-10,-110,-100,-55,-1,-46.15217218511402
0,0,200,0,0,0,0,0,0,0,28.256849053406004
0,0,0,-200,25,29,200,44,154,400,36.741785160782314
0,0,200,0,0,0,0,0,0,0,28.256849053406004
0,0,0,0,0,-29,-29,-200,-44,-154,-38.69496260921976
0,0,0,0,0,0,200,44,154,400,62.92471869762984
0,0,-200,0,0,0,0,0,0,0,-28.256849053406004
0,0,200,29,15,110,10,110,100,55,70.85118962965284
0,0,0,0,0,0,0,0,0,0,0.0
0,0,0,200,0,0,0,0,0,0,33.011415751190434
0,0,0,-200,0,0,0,0,0,0,-33.011415751190434
0,0,0,200,0,0,0,0,0,0,33.011415751190434
0,0,0,0,-200,-25,-29,-200,-44,-154,-65.68984096915077
0,0,0,0,25,29,200,44,154,400,69.75320091197275
0,0,0,0,0,0,0,0,0,0,0.0
65,0,0,0,0,0,0,0,0,0,1.868285293926991
0,0,0,0,0,-400,-29,-200,-44,-154,-82.1349428661492
0,0,0,0,0,0,0,-27,-200,-44,-21.75399790198658
0,0,0,0,0,0,27,200,44,154,35.1221940248209
0,0,0,0,0,27,200,44,154,400,66.08611887805328
0,0,0,0,0,-200,-27,-200,-44,-154,-58.539973139068564
0,0,0,0,0,27,200,44,154,400,66.08611887805328
0,0,0,0,0,-200,-27,-200,-44,-154,-58.539973139068564
0,0,200,0,0,0,0,0,0,0,28.256849053406004
0,0,0,0,0,-200,0,0,0,0,-23.417779114247676
0,0,0,0,0,-200,0,0,0,0,-23.417779114247676
0,200,10,0,0,0,0,0,0,0,17.162051435871742
0,200,0,0,0,0,0,0,0,0,15.749208983201443
0,0,0,0,0,200,0,0,0,0,23.417779114247676
0,0,0,0,0,27,200,44,154,400,66.08611887805328
0,0,0,0,0,-400,-27,-200,-44,-154,-81.95775225331624
0,0,0,-15,-110,-10,-110,-100,-55,-1,-42.05492907237014
0,0,0,26,15,110,10,110,100,55,42.099169339978985
0,0,0,0,0,-400,0,0,0,0,-46.83555822849535
0,200,0,0,0,0,0,0,0,0,15.749208983201443
0,0,0,0,0,0,0,0,0,0,0.0
40,0,0,0,0,0,0,0,0,0,1.1497140270319943
100,1,400,10,26,15,110,10,110,100,93.17181256587975
0,0,0,0,0,0,0,0,0,0,0.0
201,8,150,25,400,27,200,44,154,400,152.73893186660231
100,100,1,400,10,26,15,110,10,110,101.33598175600203
0,100,100,1,400,10,26,15,110,10,91.5249911848809
0,100,0,0,0,0,0,0,0,0,7.874604491600722
0,100,0,0,0,0,0,0,0,0,7.874604491600722
0,100,0,0,0,0,0,0,0,0,7.874604491600722
40,0,0,0,0,0,0,0,0,0,1.1497140270319943
0,0,0,0,27,200,44,154,400,1,77.31504466370262
0,0,40,100,1,400,10,26,15,110,81.4971882352155
0,-100,0,0,0,0,0,0,0,0,-7.874604491600722
-100,0,0,0,0,0,0,0,0,0,-2.874285067579986
0,0,0,0,0,0,0,0,0,0,0.0
0,-100,0,0,0,0,0,0,0,0,-7.874604491600722
0,-100,0,0,0,0,0,0,0,0,-7.874604491600722
0,0,0,-1,-400,-10,-26,-15,-110,-10,-69.52196216657717
0,-40,-1,-400,-10,-26,-15,-110,-10,-110,-93.73693399346159
0,0,0,0,-200,-27,-200,-44,-154,-400,-93.54935282026923
0,0,0,0,27,200,44,154,400,1,77.31504466370262
0,0,0,0,-200,-27,-200,-44,-154,-400,-93.54935282026923
0,0,0,0,-200,0,0,0,0,0,-27.463233942215954
0,-1,-400,-10,-26,-15,-110,-10,-110,-100,-90.29752749829977
-1,-400,-10,-26,-15,-110,-10,-110,-100,-55,-75.03917260972797
0,0,26,10,26,15,110,10,110,100,37.378473723514546
0,0,0,0,-15,-110,-10,-110,-100,-55,-37.80768529232423
0,-200,0,0,0,0,0,0,0,0,-15.749208983201443
0,200,0,0,0,0,0,0,0,0,15.749208983201443
100,1,200,26,10,15,110,10,110,100,65.35881805719171
0,0,0,0,0,0,0,0,0,0,0.0
1,0,0,0,0,0,0,0,0,0,0.02874285067579986
8,150,25,400,27,200,44,154,400,1,158.91183184056672
100,200,100,1,200,26,10,15,110,10,75.26654422832186
0,200,0,0,0,0,0,0,0,0,15.749208983201443
0,38,400,100,1,200,26,10,15,110,111.9042036763567
0,0,0,38,100,1,200,26,10,15,42.07896745954169
0,0,-100,0,0,0,0,0,0,0,-14.128424526703002
0,0,0,200,0,0,0,0,0,0,33.011415751190434
-38,-300,-38,-100,-1,-200,-26,-10,-15,-110,-82.48299898336612
0,0,0,27,200,44,154,400,1,600,130.17275859966583
0,-100,0,0,0,0,0,0,0,0,-7.874604491600722
0,-100,0,0,0,0,0,0,0,0,-7.874604491600722
0,0,0,-1,-200,-26,-10,-15,-110,-10,-42.514625650837424
0,-38,-1,-200,-26,-10,-15,-110,-10,-110,-60.8916625386766
0,0,0,-200,-27,-200,-44,-154,-400,-1,-110.32646041489305
0,0,0,-200,0,0,0,0,0,0,-33.011415751190434
0,0,0,200,0,0,0,0,0,0,33.011415751190434
0,0,0,27,200,44,154,400,1,600,130.17275859966583
0,0,0,-26,-10,-15,-110,-10,-110,-100,-34.14893789128972
0,0,0,400,26,10,15,110,10,110,90.76944433779173
0,-1,-400,-26,-10,-15,-110,-10,-110,-100,-90.74138204301774
0,0,0,-200,-27,-200,-44,-154,-400,-1,-110.32646041489305
-1,-400,-26,-10,-15,-110,-10,-110,-100,-55,-74.65880727390521
0,0,-10,-15,-110,-10,-110,-100,-55,-1,-43.46777152504045
0,0,30,10,15,110,10,110,100,55,43.69678343789465
0,0,0,-200,0,0,0,0,0,0,-33.011415751190434
0,-30,-10,-15,-110,-10,-110,-100,-55,-1,-45.830152872520664
0,0,400,10,15,110,10,110,100,55,95.97195418669575
0,0,0,-200,0,0,0,0,0,0,-33.011415751190434
0,0,0,27,200,44,154,400,1,600,130.17275859966583
0,0,0,-400,-27,-200,-44,-154,-400,-1,-143.3378761660835
0,400,-10,-15,-110,-10,-110,-100,-55,-1,-11.969353558637557
0,0,0,-200,0,0,0,0,0,0,-33.011415751190434
0,0,0,-200,0,0,0,0,0,0,-33.011415751190434
0,-30,0,0,0,0,0,0,0,0,-2.3623813474802167
0,0,27,0,0,0,0,0,0,0,3.8146746222098105
0,200,0,0,0,0,0,0,0,0,15.749208983201443
0,200,0,0,0,0,0,0,0,0,15.749208983201443
0,-200,0,0,0,0,0,0,0,0,-15.749208983201443
0,200,0,0,0,0,0,0,0,0,15.749208983201443
0,200,0,0,0,0,0,0,0,0,15.749208983201443
0,0,0,27,200,44,154,400,1,600,130.17275859966583
0,0,0,-200,-27,-200,-44,-154,-400,-1,-110.32646041489305
0,200,0,0,0,0,0,0,0,0,15.749208983201443
0,0,-27,0,0,0,0,0,0,0,-3.8146746222098105
0,0,27,10,15,110,10,110,100,55,43.27293070209356
0,-27,-10,-15,-110,-10,-110,-100,-55,-1,-45.59391473777264
0,200,27,10,15,110,10,110,100,55,59.022139685295
0,200,0,0,0,0,0,0,0,0,15.749208983201443
0,-27,-10,-15,-110,-10,-110,-100,-55,-1,-45.59391473777264
0,200,27,10,15,110,10,110,100,55,59.022139685295
0,0,0,-200,0,0,0,0,0,0,-33.011415751190434
0,0,0,-200,0,0,0,0,0,0,-33.011415751190434
0,0,0,200,0,0,0,0,0,0,33.011415751190434
0,0,0,27,200,44,154,400,1,600,130.17275859966583
0,0,0,-400,-27,-200,-44,-154,-400,-1,-143.3378761660835
0,0,0,-400,0,0,0,0,0,0,-66.02283150238087
0,0,0,-400,0,0,0,0,0,0,-66.02283150238087
0,0,0,0,-28,-27,-200,-44,-154,-400,-69.93097162996352
0,0,0,0,0,200,44,154,400,1,73.60750808150347
0,200,0,0,0,0,0,0,0,0,15.749208983201443
0,-200,0,0,0,0,0,0,0,0,-15.749208983201443
0,200,0,0,0,0,0,0,0,0,15.749208983201443
0,0,0,0,0,0,0,0,0,0,0.0
150,25,400,28,200,44,154,400,1,600,193.13159250950395
100,1,200,27,10,15,110,10,110,100,65.52387513594766
100,0,0,0,0,0,0,0,0,0,2.874285067579986
23,200,1,200,27,10,15,110,10,110,74.44692355032426
0,0,23,1,200,27,10,15,110,10,45.88125218755035
0,-100,0,0,0,0,0,0,0,0,-7.874604491600722
0,-23,-1,-200,-27,-10,-15,-110,-10,-110,-59.84778803464758
0,0,200,0,0,0,0,0,0,0,28.256849053406004
0,-1,-200,-27,-10,-15,-110,-10,-110,-100,-62.64959006836769
-1,-200,-27,-10,-15,-110,-10,-110,-100,-55,-59.0508825359708
0,200,0,0,0,0,0,0,0,0,15.749208983201443
0,-200,0,0,0,0,0,0,0,0,-15.749208983201443
1,1,200,27,10,15,110,10,110,100,62.678332919043484
0,0,0,0,0,0,0,0,0,0,0.0
-1,-200,-27,-10,-15,-110,-10,-110,-100,-55,-59.0508825359708
0,200,0,0,0,0,0,0,0,0,15.749208983201443
0,-27,-10,-15,-110,-10,-110,-100,-55,-1,-45.59391473777264
0,200,27,10,15,110,10,110,100,55,59.022139685295
0,0,28,200,44,154,400,1,600,5,145.36185697942278
0,0,-200,-28,-200,-44,-154,-400,-1,-600,-158.59466473182778
0,0,-200,0,0,0,0,0,0,0,-28.256849053406004
0,0,0,200,44,154,400,1,600,5,141.40589811194596
0,0,0,-27,-200,-44,-154,-400,-1,-600,-130.17275859966583
0,0,0,200,44,154,400,1,600,5,141.40589811194596
0,0,0,-26,-200,-44,-154,-400,-1,-600,-130.00770152090985
0,200,0,0,0,0,0,0,0,0,15.749208983201443
0,-27,-10,-15,-110,-10,-110,-100,-55,-1,-45.59391473777264
0,200,27,10,15,110,10,110,100,55,59.022139685295
0,0,0,200,44,154,400,1,600,5,141.40589811194596
0,0,0,-26,-200,-44,-154,-400,-1,-600,-130.00770152090985
0,200,0,0,0,0,0,0,0,0,15.749208983201443
0,-27,-10,-15,-110,-10,-110,-100,-55,-1,-45.59391473777264
0,-10,-15,-110,-10,-110,-100,-55,-1,-50,-52.83094925525167
0,0,26,15,110,10,110,100,55,1,45.72831944931293
0,0,0,400,15,110,10,110,100,55,103.83051679470509
0,200,10,26,0,0,0,0,0,0,21.4535354835265
0,0,-200,0,0,0,0,0,0,0,-28.256849053406004
0,200,0,0,0,0,0,0,0,0,15.749208983201443
0,-200,0,0,0,0,0,0,0,0,-15.749208983201443
0,-10,-26,-15,-110,-10,-110,-100,-55,-1,-46.515779898473
0,200,10,26,15,110,10,110,100,55,59.26122077585073
0,-10,-26,-15,-110,-10,-110,-100,-55,-1,-46.515779898473
0,400,10,26,15,110,10,110,100,55,75.01042975905217
0,400,0,0,0,0,0,0,0,0,31.498417966402886
0,-10,-26,-15,-110,-10,-110,-100,-55,-1,-46.515779898473
0,400,10,26,15,110,10,110,100,55,75.01042975905217
0,-10,-26,-15,-110,-10,-110,-100,-55,-1,-46.515779898473
0,0,200,26,15,110,10,110,100,55,70.35601839338499
0,0,-26,-15,-110,-10,-110,-100,-55,-1,-45.72831944931293
0,0,400,26,15,110,10,110,100,55,98.61286744679099
0,0,0,0,0,0,0,0,0,0,0.0
-10,-400,-26,-15,-110,-10,-110,-100,-55,-1,-77.51416592247382
-19,-150,-25,-400,-26,-200,-44,-154,-400,-1,-159.09068702828944
0,-200,0,0,0,0,0,0,0,0,-15.749208983201443
0,-19,-150,-25,-400,-26,-200,-44,-154,-400,-147.7107364792714
0,200,0,0,0,0,0,0,0,0,15.749208983201443
0,-200,0,0,0,0,0,0,0,0,-15.749208983201443
0,-26,-15,-110,-10,-110,-100,-55,-1,-50,-54.090885973907774
0,-15,-110,-10,-110,-100,-55,-1,-50,-50,-57.78522088071276
0,0,29,110,10,110,100,55,1,50,54.021468239830014
0,150,25,400,26,200,44,154,400,1,158.54457286544925
0,0,200,29,110,10,110,100,55,1,72.62257722835948
150,25,400,26,200,44,154,400,1,600,192.801478351992
0,0,200,0,0,0,0,0,0,0,28.256849053406004
0,0,-200,0,0,0,0,0,0,0,-28.256849053406004
0,0,0,0,0,0,0,0,0,0,0.0
0,0,200,0,0,0,0,0,0,0,28.256849053406004
0,0,200,0,0,0,0,0,0,0,28.256849053406004
0,0,-400,0,0,0,0,0,0,0,-56.51369810681201
0,0,-200,0,0,0,0,0,0,0,-28.256849053406004
0,200,-29,-110,-10,-110,-100,-55,-1,-50,-38.27225925662857
0,0,0,200,44,154,400,1,600,5,141.40589811194596
0,0,0,-27,-200,-44,-154,-400,-1,-600,-130.17275859966583
0,200,15,29,110,10,110,100,55,1,62.234200837160365
0,-15,-29,-110,-10,-110,-100,-55,-1,-50,-55.20265891357012
0,200,0,0,0,0,0,0,0,0,15.749208983201443
0,0,0,0,0,0,0,0,0,0,0.0
0,0,0,0,0,0,0,0,0,0,0.0
0,-200,0,0,0,0,0,0,0,0,-15.749208983201443
0,0,200,0,0,0,0,0,0,0,28.256849053406004
0,0,-400,0,0,0,0,0,0,0,-56.51369810681201
0,0,-29,0,0,0,0,0,0,0,-4.09724311274387
0,0,0,26,110,10,110,100,55,1,43.87055693868562
0,0,0,200,44,154,400,1,600,5,141.40589811194596
0,0,0,-27,-200,-44,-154,-400,-1,-600,-130.17275859966583
0,0,-26,-110,-10,-110,-100,-55,-1,-50,-53.59761550402892
0,0,200,26,110,10,110,100,55,1,72.12740599209162
0,0,200,0,0,0,0,0,0,0,28.256849053406004
0,0,-200,0,0,0,0,0,0,0,-28.256849053406004
0,0,200,0,0,0,0,0,0,0,28.256849053406004
0,200,-26,-110,-10,-110,-100,-55,-1,-50,-37.84840652082748
0,-200,0,0,0,0,0,0,0,0,-15.749208983201443
0,0,200,26,110,10,110,100,55,1,72.12740599209162
0,200,-26,-110,-10,-110,-100,-55,-1,-50,-37.84840652082748
0,0,-110,-10,-110,-100,-55,-1,-50,-50,-56.60403020697265
0,0,28,110,10,110,100,55,1,50,53.880183994562984
0,-200,0,0,0,0,0,0,0,0,-15.749208983201443
0,0,200,28,110,10,110,100,55,1,72.45752014960352
0,0,-400,0,0,0,0,0,0,0,-56.51369810681201
0,0,-28,-110,-10,-110,-100,-55,-1,-50,-53.880183994562984
0,0,200,0,0,0,0,0,0,0,28.256849053406004
0,-400,27,200,44,154,400,1,600,5,113.7221547677529
0,0,-28,0,0,0,0,0,0,0,-3.9559588674768404
0,0,0,29,0,0,0,0,0,0,4.786655283922613
0,0,200,44,154,400,1,600,5,63,162.80672426134657
0,0,-30,-200,-44,-154,-400,-1,-600,-5,-145.64442546995684
500,10,15,200,139,10,110,100,55,1,93.85080702990807
-1,-150,-425,-30,-200,-44,-154,-400,-1,-600,-202.5543836624983
0,0,0,200,0,0,0,0,0,0,33.011415751190434
0,0,200,0,0,0,0,0,0,0,28.256849053406004
0,0,0,0,-29,0,0,0,0,0,-3.982168921621313
0,0,26,0,0,0,0,0,0,0,3.6733903769427805
0,0,0,-200,0,0,0,0,0,0,-33.011415751190434
0,0,200,41,0,0,0,0,0,0,35.024189282400044
0,0,-41,-110,-10,-110,-100,-55,-1,-50,-55.716879183034365
0,0,400,41,110,10,110,100,55,1,102.8601112268369
0,0,0,-26,0,0,0,0,0,0,-4.291484047654757
0,0,0,0,0,27,0,0,0,0,3.161400180423436
0,0,0,0,0,-27,0,0,0,0,-3.161400180423436
0,0,0,0,27,0,0,0,0,0,3.7075365821991535
0,0,-15,-137,-10,-110,-100,-55,-1,-50,-56.5000299325023
0,0,400,0,0,0,0,0,0,0,56.51369810681201
0,0,-200,0,0,0,0,0,0,0,-28.256849053406004
0,0,200,0,0,0,0,0,0,0,28.256849053406004
0,0,-200,0,0,0,0,0,0,0,-28.256849053406004
0,0,400,15,137,10,110,100,55,1,102.27616376138131
0,0,200,0,0,0,0,0,0,0,28.256849053406004
0,0,0,-200,-30,-200,-44,-154,-400,-1,-110.7384089240263
0,0,0,-200,0,0,0,0,0,0,-33.011415751190434
0,0,400,0,0,0,0,0,0,0,56.51369810681201
0,0,-15,-137,-10,-110,-100,-55,-1,-50,-56.5000299325023
0,0,400,15,137,10,110,100,55,1,102.27616376138131
0,0,-200,-25,0,0,0,0,0,0,-32.383276022304806
0,0,0,0,200,44,154,400,1,600,125.7162174732551
0,0,0,0,-30,-200,-44,-154,-400,-1,-77.72699317283586
0,0,-15,-137,-10,-110,-100,-55,-1,-50,-56.5000299325023
0,0,400,0,0,0,0,0,0,0,56.51369810681201
0,-200,25,30,200,44,154,400,1,600,118.45082698440797
0,0,0,-27,0,0,0,0,0,0,-4.456541126410709
0,0,0,0,0,28,110,100,55,1,26.581894343094376
0,0,400,15,110,10,28,110,100,55,99.72810166140081
0,0,0,200,44,154,400,1,600,5,141.40589811194596
0,0,0,0,0,0,-110,-100,-55,-1,-23.303405267099706
0,0,0,-29,-200,-44,-154,-400,-1,-600,-130.50287275717773
0,0,0,0,30,110,10,110,100,55,39.86742783799043
0,0,-15,-30,-110,-10,-110,-100,-55,-1,-46.650048932714874
0,0,200,15,30,110,10,110,100,55,70.60013307273572
0,0,-15,-30,-110,-10,-110,-100,-55,-1,-46.650048932714874
0,0,400,0,0,0,0,0,0,0,56.51369810681201
0,0,400,15,30,110,10,110,100,55,98.85698212614172
0,0,0,0,-110,-10,-110,-100,-55,-1,-39.57907289103086
0,0,0,0,29,110,10,110,100,55,39.73011166827935
1,500,10,400,15,29,110,10,110,100,139.02071849391828
0,0,0,-15,-29,-110,-10,-110,-100,-55,-42.20596784961863
0,0,0,400,0,0,0,0,0,0,66.02283150238087
0,0,0,0,-110,-10,-110,-100,-55,-1,-39.57907289103086
0,0,0,0,28,110,10,110,100,55,39.592795498568265
0,0,0,400,15,28,110,10,110,100,98.08902183699733
0,-200,0,0,0,0,0,0,0,0,-15.749208983201443
0,0,-28,0,0,0,0,0,0,0,-3.9559588674768404
0,0,0,200,44,154,400,1,600,5,141.40589811194596
0,200,0,0,0,0,0,0,0,0,15.749208983201443
-200,200,0,0,0,0,0,0,0,0,10.000638848041472
0,0,-28,-53,-200,-44,-154,-400,-1,-600,-138.42020151479738
-200,-1,-150,-28,-53,-200,-44,-154,-400,-1,-112.52681625148783
0,0,0,0,28,0,0,0,0,0,3.8448527519102336
0,0,0,0,0,-110,-10,-110,-100,-55,-35.74794274665803
0,0,0,0,0,29,110,10,110,100,30.123536684521504
0,0,0,200,0,0,0,0,0,0,33.011415751190434
0,0,0,25,200,44,154,400,1,600,129.8426444421539
0,0,0,0,0,-110,-10,-110,-100,-55,-35.74794274665803
0,0,0,0,27,15,110,10,110,100,32.19182872872332
0,0,-28,0,0,0,0,0,0,0,-3.9559588674768404
1,178,25,200,44,154,400,1,600,5,158.9835430893468
0,-200,-178,-25,-200,-44,-154,-400,-1,-600,-170.7404490828867
0,0,28,0,0,0,0,0,0,0,3.9559588674768404
0,0,0,0,-28,-200,-44,-154,-400,-1,-77.4523608334137
0,0,0,200,0,0,0,0,0,0,33.011415751190434
0,0,0,0,-15,-110,-10,-110,-100,-55,-37.80768529232423
0,0,0,0,26,15,110,10,110,100,32.05451255901224
100,1,500,10,200,26,15,110,10,110,125.75877322784908
-1,-500,-10,-200,-26,-15,-110,-10,-110,-100,-105.88053607155238
0,0,0,-26,-15,-110,-10,-110,-100,-55,-42.099169339978985
0,0,0,400,26,15,110,10,110,100,98.0773440613931
0,0,0,0,-15,-110,-10,-110,-100,-55,-37.80768529232423
0,0,0,0,0,30,110,10,110,100,30.240625580092743
0,0,0,0,0,-110,-10,-110,-100,-55,-35.74794274665803
0,0,0,0,0,28,110,10,110,100,30.00644778895027
-500,-10,-400,-15,-28,-110,-10,-110,-100,-55,-113.74123557377956
1,500,10,400,15,28,110,10,110,100,138.90362959834707
200,150,25,28,200,44,154,400,1,600,151.43039868265856
150,25,28,200,44,154,400,1,600,5,151.64193570369295
0,-200,-25,-28,-200,-44,-154,-400,-1,-600,-149.61913079329895
-200,25,28,200,44,154,400,1,600,5,141.58193796716301
-200,-150,-25,-28,-200,-44,-154,-400,-1,-600,-151.43039868265856
150,25,28,200,44,154,400,1,600,5,151.64193570369295
0,-200,-25,-28,-200,-44,-154,-400,-1,-600,-149.61913079329895
0,0,0,400,0,0,0,0,0,0,66.02283150238087
0,-200,0,0,0,0,0,0,0,0,-15.749208983201443
0,0,0,0,0,-110,-10,-110,-100,-55,-35.74794274665803
0,0,0,0,-29,-200,-44,-154,-400,-1,-77.58967700312478
0,0,0,29,200,44,154,400,1,600,130.50287275717773
0,0,0,0,0,29,110,10,110,100,30.123536684521504
100,0,0,0,0,0,0,0,0,0,2.874285067579986
-100,0,0,0,0,0,0,0,0,0,-2.874285067579986
-500,-10,-400,-15,-29,-110,-10,-110,-100,-55,-113.87855174349065
0,0,-15,-29,-110,-10,-110,-100,-55,-1,-46.484991853958924
0,0,200,15,29,110,10,110,100,55,70.46281690302463
0,0,200,0,0,0,0,0,0,0,28.256849053406004
0,200,0,0,0,0,0,0,0,0,15.749208983201443
-400,25,29,200,44,154,400,1,600,5,135.97465207727006
0,0,-26,-29,-200,-44,-154,-400,-1,-600,-134.1762631341205
0,0,0,200,44,154,400,1,600,5,141.40589811194596
0,0,-15,-29,-110,-10,-110,-100,-55,-1,-46.484991853958924
0,0,200,15,29,110,10,110,100,55,70.46281690302463
-200,-150,-25,-26,-200,-44,-154,-400,-1,-600,-151.10028452514666
0,0,200,0,0,0,0,0,0,0,28.256849053406004
0,0,0,-29,-26,-200,-44,-154,-400,-1,-81.96438377791415
0,0,0,0,200,44,154,400,1,600,125.7162174732551
0,0,-200,0,0,0,0,0,0,0,-28.256849053406004
0,0,400,0,0,0,0,0,0,0,56.51369810681201
0,0,-15,-29,-110,-10,-110,-100,-55,-1,-46.484991853958924
0,0,400,15,29,110,10,110,100,55,98.71966595643063
0,0,400,0,0,0,0,0,0,0,56.51369810681201
0,0,-15,-29,-110,-10,-110,-100,-55,-1,-46.484991853958924
0,0,400,15,29,110,10,110,100,55,98.71966595643063
-200,0,0,0,0,0,0,0,0,0,-5.748570135159972
0,0,0,0,0,28,0,0,0,0,3.2784890759946745
0,0,0,0,-138,-10,-110,-100,-55,-1,-43.42392564294109
0,0,0,200,44,154,400,1,600,5,141.40589811194596
0,0,0,-27,-200,-44,-154,-400,-1,-600,-130.17275859966583
0,0,0,200,44,154,400,1,600,5,141.40589811194596
0,0,0,-27,-200,-44,-154,-400,-1,-600,-130.17275859966583
1,500,10,400,15,138,10,110,100,55,147.9236136320495
0,0,0,0,0,27,138,10,110,100,32.37002747304035
0,0,0,0,0,0,-28,0,0,0,-2.4806685796613244
0,0,0,0,0,-110,-10,-110,-100,-55,-35.74794274665803
0,0,0,0,0,30,110,10,110,100,30.240625580092743
150,25,27,200,44,154,400,1,600,5,151.50065145842592
-200,0,0,0,0,0,0,0,0,0,-5.748570135159972
0,0,0,400,0,0,0,0,0,0,66.02283150238087
0,0,200,44,154,400,1,600,5,63,162.80672426134657
0,0,-27,-200,-44,-154,-400,-1,-600,-5,-145.22057273415575
-200,-150,-25,-27,-200,-44,-154,-400,-1,-600,-151.2653416039026
0,0,0,0,0,-110,-10,-110,-100,-55,-35.74794274665803
0,0,0,200,44,154,400,1,600,5,141.40589811194596
0,0,0,-27,-200,-44,-154,-400,-1,-600,-130.17275859966583
0,0,0,0,30,15,110,10,110,100,32.60377723785656
0,0,200,10,0,0,0,0,0,0,29.907419840965527
0,0,0,0,-15,-110,-10,-110,-100,-55,-37.80768529232423
0,0,0,0,28,15,110,10,110,100,32.3291448984344
0,200,-10,-28,-15,-110,-10,-110,-100,-55,-28.09291696695975
0,0,27,0,0,0,0,0,0,0,3.8146746222098105
0,0,0,-15,-110,-10,-110,-100,-55,-1,-42.05492907237014
0,18,700,37,15,110,10,110,100,55,144.2311977017036
0,0,-200,0,0,0,0,0,0,0,-28.256849053406004
0,0,0,400,37,15,110,10,110,100,99.58782192821498
0,0,0,0,-27,0,0,0,0,0,-3.7075365821991535
0,0,200,-10,-15,-110,-10,-110,-100,-55,-11.20140702647775
0,0,0,26,0,0,0,0,0,0,4.291484047654757
150,25,27,200,44,154,400,1,600,5,151.50065145842592
0,0,0,0,0,0,0,0,0,0,0.0
0,0,-200,-27,-200,-44,-154,-400,-1,-600,-158.4296076530718
0,0,-200,0,0,0,0,0,0,0,-28.256849053406004
0,0,-200,0,0,0,0,0,0,0,-28.256849053406004
0,0,0,200,36,15,110,10,110,100,66.43909000731347
0,0,0,-36,-15,-110,-10,-110,-100,-55,-43.74974012753851
0,0,0,400,36,15,110,10,110,100,99.45050575850391
0,0,0,0,-26,0,0,0,0,0,-3.570220412488074
0,0,0,0,0,28,15,110,10,110,23.283992543205073
0,0,0,200,0,0,0,0,0,0,33.011415751190434
0,0,0,0,0,-15,-110,-10,-110,-100,-28.48429214652417
0,0,0,0,0,29,15,110,10,110,23.401081438776316
0,0,0,-10,-29,-15,-110,-10,-110,-100,-34.11703185570501
0,0,0,200,10,29,15,110,10,110,57.785658887077545
0,0,200,0,0,0,0,0,0,0,28.256849053406004
0,0,-400,0,0,0,0,0,0,0,-56.51369810681201
0,0,0,200,44,154,400,1,600,5,141.40589811194596
0,0,0,-30,-200,-44,-154,-400,-1,-600,-130.66792983593365
0,0,0,200,0,0,0,0,0,0,33.011415751190434
0,0,0,-200,0,0,0,0,0,0,-33.011415751190434
0,0,400,-10,-29,-15,-110,-10,-110,-100,22.396666251107003
0,0,400,500,10,29,15,110,10,110,163.8164806206752
0,0,-500,-10,-29,-15,-110,-10,-110,-100,-104.75915448922
0,0,0,200,10,29,15,110,10,110,57.785658887077545
0,0,0,0,0,0,0,0,-50,-1,-4.108016318223916
-3,-150,-25,-400,-30,-200,-44,-154,-400,-50,-162.70736911799975
0,0,0,30,200,44,154,400,50,1,91.50375997173546
0,0,0,-400,0,0,0,0,0,0,-66.02283150238087
0,0,0,0,0,-15,-110,-10,-110,-100,-28.48429214652417
0,0,0,0,27,0,0,0,0,0,3.7075365821991535
0,0,0,-200,-30,-200,-44,-154,-400,-50,-114.26571194570506
0,0,0,-200,0,0,0,0,0,0,-33.011415751190434
0,0,5,0,0,0,0,0,0,0,0.70642122633515
0,0,0,200,0,0,0,0,0,0,33.011415751190434
0,-200,-150,-25,0,0,0,0,0,0,-41.06827274215475
0,0,0,0,0,0,0,0,0,1,0.07198577595262783
0,150,25,30,200,44,154,400,1,50,106.4197659310652
0,0,0,-200,-30,-200,-44,-154,-400,-1,-110.7384089240263
0,0,0,-200,0,0,0,0,0,0,-33.011415751190434
0,0,0,0,0,0,0,0,0,0,0.0
150,25,400,30,200,44,154,400,1,50,153.86952989307053
100,1,18,505,200,37,15,110,10,110,140.65099884462055
100,0,0,0,0,0,0,0,0,0,2.874285067579986
0,13,1,18,505,200,37,15,110,10,111.13255168338338
-100,0,0,0,0,0,0,0,0,0,-2.874285067579986
-13,-1,-18,-505,-200,-37,-15,-110,-10,-110,-138.15037083582595
-1,-18,-505,-200,-37,-15,-110,-10,-110,-100,-139.37112169603864
1200,1,18,505,200,37,15,110,10,110,172.26813458800038
0,0,0,0,-37,-15,-110,-10,-110,-100,-33.56499042583412
0,0,0,0,0,400,15,110,10,110,66.84106169570575
0,0,200,0,0,0,0,0,0,0,28.256849053406004
0,0,0,0,0,0,0,0,0,0,0.0
50,0,0,0,0,0,0,0,0,0,1.437142533789993
281,1230,201,62,659,437,401,65,710,15,385.02348630765556
0,100,1200,1,18,505,37,400,15,110,287.7748188192928
0,0,100,1200,1,18,505,37,400,15,295.8976278514885
0,0,100,0,0,0,0,0,0,0,14.128424526703002
0,100,0,0,0,0,0,0,0,0,7.874604491600722
0,32,0,0,0,0,0,0,0,0,2.519873437312231
0,0,100,0,0,0,0,0,0,0,14.128424526703002
0,0,0,32,1200,1,18,505,37,400,249.23783362050926
0,-100,0,0,0,0,0,0,0,0,-7.874604491600722
0,-100,0,0,0,0,0,0,0,0,-7.874604491600722
0,0,0,0,0,0,0,0,0,0,0.0
30,200,44,154,400,1,50,600,5,63,166.9366335967289
0,0,0,0,100,0,0,0,0,0,13.731616971107977
100,256,32,300,32,1300,1,18,505,37,278.82548560236717
0,0,0,0,0,100,0,0,0,0,11.708889557123838
0,0,0,-100,0,0,0,0,0,0,-16.505707875595217
0,0,0,-100,0,0,0,0,0,0,-16.505707875595217
-256,-32,-100,-32,-1400,-1,-18,-505,-37,-400,-300.7075352997452
0,0,-32,-1400,-1,-18,-505,-37,-400,-15,-319.30171492452087
0,0,0,-100,0,0,0,0,0,0,-16.505707875595217
0,0,0,-100,0,0,0,0,0,0,-16.505707875595217
-32,-32,-1200,-1,-18,-505,-37,-400,-15,-110,-283.33985898662996
326,32,32,1200,1,18,505,37,400,15,298.18034193095343
200,44,154,400,1,50,600,5,63,1,161.75264555178256
-28,-200,-44,-154,-400,-1,-50,-600,-5,-63,-166.8791478953773
0,0,-1200,-1,-18,-505,-37,-400,-15,-110,-279.9002143276921
0,0,0,0,0,400,0,-15,-110,-10,35.879487947646794
-200,-28,-200,-44,-154,-400,-1,-50,-600,-5,-164.85911006333092
0,-1200,-1,-18,-905,-37,-15,-110,-10,-110,-246.2164917539562
0,0,0,0,400,505,37,15,110,10,128.29045676616545
28,200,44,154,400,1,50,600,5,63,166.8791478953773
0,-200,-200,-44,-154,-400,-1,-50,-600,-5,-172.6548596537242
0,0,0,0,0,27,0,0,0,0,3.161400180423436
0,0,0,0,0,0,-27,0,0,0,-2.3920732732448484
0,0,200,1,18,0,0,0,0,0,30.893597186961394
0,0,0,0,0,-27,0,0,0,0,-3.161400180423436
0,0,0,0,0,28,505,10,15,110,58.05299355266907
0,0,0,0,0,0,0,0,0,0,0.0
0,0,-1,-18,-28,-505,-10,-15,-110,-10,-77.92908002327309
0,0,0,400,0,0,0,0,0,0,66.02283150238087
200,200,44,154,400,1,50,600,5,63,171.82291821161488
0,0,-29,-44,-154,-400,-1,-50,-600,-5,-132.7460447298606
0,0,200,1,18,28,505,10,15,110,88.94659073963047
0,0,0,0,0,0,0,0,0,0,0.0
-250,0,0,0,0,0,0,0,0,0,-7.185712668949965
0,0,-1,-18,-28,-505,-10,-15,-110,-10,-77.92908002327309
0,0,0,0,0,200,505,10,15,110,78.19228359092207
-200,0,0,0,0,0,0,0,0,0,-5.748570135159972
0,0,0,0,-200,-505,-10,-15,-110,-10,-98.43514955070465
0,0,0,0,0,0,0,26,15,110,11.481283086567888
0,0,0,0,200,0,0,0,0,0,27.463233942215954
200,0,0,0,0,0,0,0,0,0,5.748570135159972
-200,0,0,0,0,0,0,0,0,0,-5.748570135159972
0,0,0,0,-200,0,0,0,0,0,-27.463233942215954
0,0,0,400,-505,-10,-26,-15,-110,-10,-17.752271405103727
0,0,0,0,0,0,-15,-110,-10,-110,-20.005503467210403
0,0,0,0,29,0,0,0,0,0,3.982168921621313
0,100,1200,1,418,534,10,15,110,10,309.3464084100786
200,29,44,154,400,1,50,600,5,63,158.35734453097763
-400,-200,-29,-44,-154,-400,-1,-50,-600,-5,-159.99239398338202
0,0,0,200,1,18,534,10,15,110,92.60010040393601
200,29,44,154,400,1,50,600,5,63,158.35734453097763
0,0,0,0,0,0,0,0,0,0,0.0
-100,-1200,-200,-1,-18,-534,-10,-15,-110,-10,-202.63062973380462
-1200,-200,-1,-18,-534,-10,-15,-110,-10,-110,-147.85616850567482
-100,-200,-29,-44,-154,-400,-1,-50,-600,-5,-151.36953878064205
0,-100,-200,-29,-44,-154,-400,-1,-50,-600,-147.74779191651425
0,0,-100,-200,-29,-44,-154,-400,-1,-50,-109.7828159566086
-33,-100,0,0,0,0,0,0,0,0,-8.823118563902117
-100,-133,-200,-133,-200,-29,-44,-154,-400,-1,-144.60549045039426
0,-1,-18,-534,-10,-15,-110,-10,-110,-100,-120.61979635903596
0,0,0,-100,0,0,0,0,0,0,-16.505707875595217
0,0,-100,0,0,0,0,0,0,0,-14.128424526703002
0,100,0,0,0,0,0,0,0,0,7.874604491600722
0,0,100,0,0,0,0,0,0,0,14.128424526703002
0,0,0,100,0,0,0,0,0,0,16.505707875595217
0,0,0,100,0,0,0,0,0,0,16.505707875595217
33,200,33,200,29,44,154,400,1,50,117.01449457922043
0,100,0,0,0,0,0,0,0,0,7.874604491600722
0,33,200,29,44,154,400,1,50,600,142.47180690714177
0,0,0,400,534,10,15,110,10,110,160.52605855102024
0,0,0,0,-29,0,0,0,0,0,-3.982168921621313
0,0,-400,-200,-29,-44,-154,-400,-1,-50,-152.1680895367176
0,400,200,29,44,154,400,1,50,600,171.37160539131642
0,-200,0,0,0,0,0,0,0,0,-15.749208983201443
200,200,29,44,154,400,1,50,600,5,154.24382384822204
-200,0,0,0,0,0,0,0,0,0,-5.748570135159972
0,0,0,200,0,0,0,0,0,0,33.011415751190434
0,0,200,-505,-10,-15,-110,-10,-110,-100,-84.95442956198481
0,0,0,0,29,10,15,110,10,110,25.158561344544097
0,0,-18,0,0,0,0,0,0,0,-2.54311641480654
0,0,0,0,-10,-15,-110,-10,-110,-100,-29.857453843634964
0,0,0,30,0,0,0,0,0,0,4.951712362678566
-5,-400,-200,-29,-44,-154,-400,-1,-50,-600,-171.5153196446954
0,200,0,0,0,0,0,0,0,0,15.749208983201443
0,-200,0,0,0,0,0,0,0,0,-15.749208983201443
0,0,0,44,154,400,1,50,600,5,128.64880161711676
0,0,-26,0,0,0,0,0,0,0,-3.6733903769427805
0,0,-535,-10,-15,-110,-10,-110,-100,-55,-115.04532729774479
0,0,200,535,10,15,110,10,110,100,146.4198400314754
0,0,200,0,0,0,0,0,0,0,28.256849053406004
0,0,-200,0,0,0,0,0,0,0,-28.256849053406004
0,0,200,0,0,0,0,0,0,0,28.256849053406004
100,1200,1,200,535,10,15,110,10,110,225.16278218159655
-1200,-1,-200,-535,-10,-15,-110,-10,-110,-100,-180.99000688735123
0,0,26,0,0,0,0,0,0,0,3.6733903769427805
0,0,-29,-200,-44,-154,-400,-1,-50,-600,-143.9383419515192
0,29,200,44,154,400,1,50,600,5,159.18928597308695
0,-200,-29,-200,-44,-154,-400,-1,-50,-600,-159.68755093472066
0,0,200,0,0,0,0,0,0,0,28.256849053406004
0,-200,0,0,0,0,0,0,0,0,-15.749208983201443
0,0,-200,0,0,0,0,0,0,0,-28.256849053406004
0,200,0,0,0,0,0,0,0,0,15.749208983201443
0,-200,0,0,0,0,0,0,0,0,-15.749208983201443
0,-200,0,0,0,0,0,0,0,0,-15.749208983201443
0,0,0,-30,0,0,0,0,0,0,-4.951712362678566
0,0,0,0,29,10,15,110,10,110,25.158561344544097
0,0,200,44,154,400,1,50,600,5,156.90565067052276
100,1200,1,200,505,29,10,15,110,10,215.10450598392063
-1200,-1,-200,-505,-29,-10,-15,-110,-10,-110,-171.3394020255818
0,0,-505,-29,-10,-15,-110,-10,-110,-100,-105.99265298740772
200,200,44,154,400,1,50,600,5,63,171.82291821161488
0,0,200,505,29,10,15,110,10,110,136.76923516970595
200,44,154,400,1,50,600,5,63,1,161.75264555178256
-400,-200,-44,-154,-400,-1,-50,-600,-5,-63,-177.57148834677483
200,0,0,0,0,0,0,0,0,0,5.748570135159972
0,0,200,0,0,0,0,0,0,0,28.256849053406004
0,0,-200,0,0,0,0,0,0,0,-28.256849053406004
0,0,400,0,0,0,0,0,0,0,56.51369810681201
0,0,-200,0,0,0,0,0,0,0,-28.256849053406004
0,0,0,0,-10,-15,-110,-10,-110,-100,-29.857453843634964
0,0,0,0,30,10,15,110,10,110,25.29587751425518
0,-28,0,0,0,0,0,0,0,0,-2.204889257648202
0,0,0,0,-10,-15,-110,-10,-110,-100,-29.857453843634964
0,0,0,0,27,10,15,110,10,110,24.883929005121942
228,44,154,400,1,50,600,5,63,1,162.55744537070495
-200,-228,-44,-154,-400,-1,-50,-600,-5,-63,-174.02780746926308
0,0,200,0,0,0,0,0,0,0,28.256849053406004
0,0,-200,0,0,0,0,0,0,0,-28.256849053406004
0,0,200,0,0,0,0,0,0,0,28.256849053406004
0,0,0,0,-10,-15,-110,-10,-110,-100,-29.857453843634964
0,0,0,26,0,0,0,0,0,0,4.291484047654757
228,44,154,400,1,50,600,5,63,1,162.55744537070495
-200,-228,-44,-154,-400,-1,-50,-600,-5,-63,-174.02780746926308
-20,-200,-228,-44,-154,-400,-1,-50,-600,-5,-177.18567553471703
0,0,0,0,0,0,0,0,0,0,0.0
200,228,44,154,400,1,50,600,5,63,174.02780746926308
100,1200,1,200,531,10,15,110,10,110,224.61351750275225
0,100,1200,1,200,531,10,15,110,10,279.0602167263495
0,-1200,-1,-200,-531,-10,-15,-110,-10,-110,-221.73923243517228
-1200,-1,-200,-531,-10,-15,-110,-10,-110,-100,-180.32977857232743
0,200,-531,-10,-15,-110,-10,-110,-100,-55,-98.73098133347523
0,-200,0,0,0,0,0,0,0,0,-15.749208983201443
0,0,200,531,10,15,110,10,110,100,145.7596117164516
0,0,200,0,0,0,0,0,0,0,28.256849053406004
100,1200,1,200,531,10,15,110,10,110,224.61351750275225
228,44,154,400,1,50,600,5,63,1,162.55744537070495
-1200,-1,-200,-531,-10,-15,-110,-10,-110,-100,-180.32977857232743
-200,0,0,0,0,0,0,0,0,0,-5.748570135159972
0,0,200,0,0,0,0,0,0,0,28.256849053406004
0,0,-200,0,0,0,0,0,0,0,-28.256849053406004
0,400,-531,-10,-15,-110,-10,-110,-100,-55,-82.98177235027379
0,-200,0,0,0,0,0,0,0,0,-15.749208983201443
0,0,-26,0,0,0,0,0,0,0,-3.6733903769427805
0,0,26,505,10,15,110,10,110,100,116.88466899233359
0,-200,0,0,0,0,0,0,0,0,-15.749208983201443
0,0,0,400,505,10,15,110,10,110,156.54388962939893
0,0,-400,-505,-10,-15,-110,-10,-110,-100,-169.72497672220283
0,200,-505,-10,-15,-110,-10,-110,-100,-55,-95.05759095653245
0,0,26,0,0,0,0,0,0,0,3.6733903769427805
0,200,0,0,0,0,0,0,0,0,15.749208983201443
0,0,-26,0,0,0,0,0,0,0,-3.6733903769427805
0,0,29,505,10,15,110,10,110,100,117.30852172813468
0,-200,0,0,0,0,0,0,0,0,-15.749208983201443
200,-200,0,0,0,0,0,0,0,0,-10.000638848041472
-200,-228,-44,-154,-400,-1,-50,-600,-5,-63,-174.02780746926308
-200,0,0,0,0,0,0,0,0,0,-5.748570135159972
200,0,0,0,0,0,0,0,0,0,5.748570135159972
228,44,154,400,1,50,600,5,63,1,162.55744537070495
0,-200,-44,-154,-400,-1,-50,-600,-5,-63,-166.0743480764549
200,1200,1,29,505,10,15,110,10,110,195.69282169057632
0,0,0,-505,-10,-15,-110,-10,-110,-100,-113.21127861539081
0,0,0,26,505,10,15,110,10,110,94.81254217467283
28,0,0,0,0,0,0,0,0,0,0.8047998189223962
0,0,-26,-44,-154,-400,-1,-50,-600,-5,-132.32219199405952
-200,26,44,154,400,1,50,600,5,63,146.62396612590967
0,44,154,400,1,50,600,5,63,1,156.00407541662258
0,-26,-44,-154,-400,-1,-50,-600,-5,-63,-152.37253626106965
-200,-200,-26,-44,-154,-400,-1,-50,-600,-5,-153.81997111242094
0,0,44,154,400,1,50,600,5,63,150.32513909325345
0,0,-29,-44,-154,-400,-1,-50,-600,-5,-132.7460447298606
-1200,-1,-26,-505,-10,-15,-110,-10,-110,-100,-151.45483584820943
0,200,1,26,505,10,15,110,10,110,110.7030354031413
200,-1,-26,-505,-10,-15,-110,-10,-110,-100,-111.21484490208962
200,1200,1,26,505,10,15,110,10,110,195.19765045430847
0,0,0,0,0,0,0,0,0,0,0.0
0,0,0,0,0,0,0,0,0,0,0.0
0,0,0,0,0,0,0,0,0,0,0.0
100,200,1200,1,26,505,10,15,110,10,262.8717814709501
0,100,200,1200,1,26,505,10,15,110,292.15607998338703
200,29,44,154,400,1,50,600,5,63,158.35734453097763
-100,-200,-1200,-1,-26,-505,-10,-15,-110,-10,-262.8717814709501
-200,-1200,-1,-26,-505,-10,-15,-110,-10,-110,-195.19765045430847
200,0,0,0,0,0,0,0,0,0,5.748570135159972
0,0,0,-200,-154,-400,-1,-50,-600,-5,-154.39770590304528
0,0,0,154,400,1,50,600,5,63,144.10863230150414
0,0,0,-505,-10,-15,-110,-10,-110,-100,-113.21127861539081
0,0,28,1,505,10,15,110,10,110,94.64207407325085
0,44,154,400,1,50,600,5,63,1,156.00407541662258
28,400,1200,28,1,505,10,15,110,10,277.5751420891277
0,0,0,-30,-400,-1,-50,-600,-5,-63,-123.64155453576606
0,-200,0,0,0,0,0,0,0,0,-15.749208983201443
0,-1200,-28,-1,-505,-10,-15,-110,-10,-110,-189.1373279724595
0,0,0,200,1,505,10,15,110,10,104.1206475293902
0,0,-200,0,0,0,0,0,0,0,-28.256849053406004
0,0,0,200,0,0,0,0,0,0,33.011415751190434
0,200,1200,28,0,0,0,0,0,0,189.9119015088041
0,0,0,0,0,0,0,0,0,0,0.0
5,28,200,1200,28,1,505,10,15,110,287.4103931957317
-28,-200,-1200,-28,-1,-505,-10,-15,-110,-10,-261.82593310592625
0,0,0,-1,-505,-10,-15,-110,-10,-110,-90.68611520577402
-200,-1200,-1,-505,-10,-15,-110,-10,-110,-100,-213.5963868950265
0,29,0,0,0,0,0,0,0,0,2.283635302564209
0,0,0,0,0,0,0,0,0,0,0.0
5,200,1229,1,505,10,15,110,10,110,280.21737587553434
-200,-1229,-1,-505,-10,-15,-110,-10,-110,-100,-215.8800221975907
0,0,0,0,0,0,0,0,0,0,0.0
5,200,1229,1,505,10,15,110,10,110,280.21737587553434
-200,-1229,-1,-505,-10,-15,-110,-10,-110,-100,-215.8800221975907
200,0,0,0,0,0,0,0,0,0,5.748570135159972
0,0,200,0,0,0,0,0,0,0,28.256849053406004
0,0,0,-400,-30,-400,-1,-50,-600,-5,-170.38191661006184
29,400,1229,1,505,10,15,110,10,110,296.656413274955
0,0,0,0,400,1,50,600,5,63,118.6898421730875
0,0,0,0,-28,-400,-1,-50,-600,-5,-104.08445276825881
0,-200,0,0,0,0,0,0,0,0,-15.749208983201443
200,29,0,0,0,0,0,0,0,0,8.032205437724182
0,-1229,-1,-505,-10,-15,-110,-10,-110,-100,-210.13145206243072
0,-29,0,0,0,0,0,0,0,0,-2.283635302564209
0,29,1200,1,505,10,15,110,10,110,262.5108448287742
0,0,0,0,0,0,0,0,0,0,0.0
0,0,0,0,0,0,0,0,0,0,0.0
100,200,29,1200,1,505,10,15,110,10,291.89846344886763
-200,-29,-1200,-1,-505,-10,-15,-110,-10,-110,-268.25941496393426
0,0,0,200,0,0,0,0,0,0,33.011415751190434
0,0,0,0,0,0,0,0,0,0,0.0
0,0,0,0,0,0,0,0,0,0,0.0
50,0,0,0,0,0,0,0,0,0,1.437142533789993
0,0,0,28,400,1,50,600,5,63,123.31144037825416
0,0,0,-200,-28,-400,-1,-50,-600,-5,-137.09586851944923
0,0,0,-200,0,0,0,0,0,0,-33.011415751190434
200,0,0,0,0,0,0,0,0,0,5.748570135159972
0,29,29,1200,1,505,10,15,110,10,275.55860470065045
0,0,-1200,-1,-505,-10,-15,-110,-10,-110,-260.22720952621
0,0,0,0,0,0,0,0,0,0,0.0
0,0,0,0,0,0,0,0,0,0,0.0
56,0,0,0,0,0,0,0,0,0,1.6095996378447923
-29,-1200,-1,-505,-10,-15,-110,-10,-110,-100,-208.68135942946472
0,400,1200,1,505,10,15,110,10,110,291.7256274926129
-400,-1200,-1,-505,-10,-15,-110,-10,-110,-100,-219.34495703018646
0,30,1200,1,505,10,15,110,10,110,262.5895908736902
-200,0,0,0,0,0,0,0,0,0,-5.748570135159972
200,0,0,0,0,0,0,0,0,0,5.748570135159972
0,0,0,200,0,0,0,0,0,0,33.011415751190434
0,0,0,28,400,1,50,600,5,63,123.31144037825416
0,0,0,-400,-28,-400,-1,-50,-600,-5,-170.10728427063967
200,0,0,0,0,0,0,0,0,0,5.748570135159972
0,28,30,1200,1,505,10,15,110,10,275.62114290100146
0,0,-1200,-1,-505,-10,-15,-110,-10,-110,-260.22720952621
0,0,0,0,-27,-28,-400,-1,-50,-600,-89.74210736052052
0,0,0,0,0,400,1,50,600,5,100.23960001634856
0,0,0,-200,0,0,0,0,0,0,-33.011415751190434
0,0,0,-200,0,0,0,0,0,0,-33.011415751190434
-28,-1200,-1,-505,-10,-15,-110,-10,-110,-100,-208.65261657878892
200,28,1200,1,505,10,15,110,10,110,268.1806689190182
0,0,0,-200,0,0,0,0,0,0,-33.011415751190434
0,0,0,0,400,1,50,600,5,63,118.6898421730875
0,0,0,0,-29,-400,-1,-50,-600,-5,-104.22176893796988
-100,-94,-44,-154,-200,-29,-400,-1,-50,-600,-155.52660382595917
-28,-1200,-1,-505,-10,-15,-110,-10,-110,-100,-208.65261657878892
94,44,154,200,29,400,1,50,600,5,165.15761240011244
200,28,1200,1,505,10,15,110,10,110,268.1806689190182
0,0,-200,29,400,1,50,600,5,63,95.21964840360411
0,0,200,0,0,0,0,0,0,0,28.256849053406004
0,0,0,-200,-29,-400,-1,-50,-600,-5,-137.2331846891603
29,200,28,1200,1,505,10,15,110,10,289.71643680561886
0,0,-1200,-1,-505,-10,-15,-110,-10,-110,-260.22720952621
0,0,0,29,400,1,50,600,5,63,123.47649745701011
0,0,0,-400,-29,-400,-1,-50,-600,-5,-170.24460044035075
200,-1200,-1,-505,-10,-15,-110,-10,-110,-100,-202.09924662470655
200,29,1200,1,505,10,15,110,10,110,268.25941496393426
200,0,0,0,0,0,0,0,0,0,5.748570135159972
0,28,29,1200,1,505,10,15,110,10,275.47985865573446
0,-29,-1200,-1,-505,-10,-15,-110,-10,-110,-262.5108448287742
0,-1200,-1,-505,-10,-15,-110,-10,-110,-100,-207.84781675986653
0,30,1200,1,505,10,15,110,10,110,262.5895908736902
0,0,0,0,0,0,0,0,0,0,0.0
44,154,400,29,400,1,50,600,5,63,193.3817719106224
100,200,30,1200,1,505,10,15,110,10,292.0397476941347
0,100,200,30,1200,1,505,10,15,110,260.75416293322667
-57,0,0,0,0,0,0,0,0,0,-1.6383424885205922
0,-57,0,0,0,0,0,0,0,0,-4.4885245602124115
100,57,57,200,30,1200,1,505,10,15,240.7130012438055
-57,-57,-200,-30,-1200,-1,-505,-10,-15,-110,-259.00642549035894
0,0,0,0,0,0,0,0,0,0,0.0
0,0,0,0,0,0,0,0,0,0,0.0
0,0,0,0,0,0,0,0,0,0,0.0
0,0,0,0,0,0,0,0,0,0,0.0
100,57,57,200,30,1200,1,505,10,15,240.7130012438055
-57,-57,-200,-30,-1200,-1,-505,-10,-15,-110,-259.00642549035894
0,0,0,0,0,0,0,0,0,0,0.0
0,0,0,0,0,0,0,0,0,0,0.0
0,0,0,0,0,0,0,0,0,0,0.0
4,0,0,0,0,0,0,0,0,0,0.11497140270319944
9,0,0,0,0,0,0,0,0,0,0.25868565608219873
154,400,29,400,1,50,600,5,63,1,170.80353575241557
100,57,57,200,30,1200,1,505,10,15,240.7130012438055
0,57,100,57,57,200,30,1200,1,505,206.91702628923645
0,0,100,0,0,0,0,0,0,0,14.128424526703002
-57,-200,-57,0,0,0,0,0,0,0,-25.440753451942747
0,-57,-57,-57,-200,-30,-1200,-1,-505,-10,-200.81447779700122
0,0,400,1,50,600,5,63,1,2000,283.9923204410153
0,0,-29,0,0,0,0,0,0,0,-4.09724311274387
0,0,0,-200,-30,-1200,-1,-505,-10,-15,-225.29698963579241
0,-57,-200,-30,-1200,-1,-505,-10,-15,-110,-257.36808300183833
0,-200,-30,-1200,-1,-505,-10,-15,-110,-10,-289.1654626265547
-200,-30,-1200,-1,-505,-10,-15,-110,-10,-110,-268.33816100885025
0,0,0,0,0,0,-100,0,0,0,-8.859530641647586
1,200,30,1200,1,505,10,15,110,10,289.1942054772305
-200,-30,-1200,-1,-505,-10,-15,-110,-10,-110,-268.33816100885025
-30,-1200,-1,-505,-10,-15,-110,-10,-110,-100,-208.71010228014052
0,200,1200,1,505,10,15,110,10,110,275.9764185094115
0,0,30,0,0,0,0,0,0,0,4.2385273580109
-200,-1230,-1,-505,-10,-15,-110,-10,-110,-100,-215.95876824250672
0,-400,0,0,0,0,0,0,0,0,-31.498417966402886
0,0,29,0,0,0,0,0,0,0,4.09724311274387
0,0,-29,-400,-1,-50,-600,-105,-63,-1,-143.92502097077582
0,-30,0,0,0,0,0,0,0,0,-2.3623813474802167
30,200,1200,1,505,10,15,110,10,110,276.8387040296855
200,30,0,0,0,0,0,0,0,0,8.11095148264019
0,-1200,-1,-505,-10,-15,-110,-10,-110,-100,-207.84781675986653
0,30,1200,1,505,10,15,110,10,110,262.5895908736902
200,0,0,0,0,0,0,0,0,0,5.748570135159972
10,200,30,1200,1,505,10,15,110,10,289.4528911333127
0,29,400,1,50,600,105,63,1,2000,295.13548638522707
0,-200,-29,-400,-1,-50,-600,-105,-63,-1,-159.67422995397726
0,-200,0,0,0,0,0,0,0,0,-15.749208983201443
0,200,0,0,0,0,0,0,0,0,15.749208983201443
0,0,-1200,-1,-505,-10,-15,-110,-10,-110,-260.22720952621
0,0,27,1200,1,505,10,15,110,10,272.99240090755217
0,0,400,1,50,600,105,63,1,2000,292.85185108266285
0,0,0,-28,-1,-50,-600,-105,-63,-1,-78.42654456081776
0,200,0,0,0,0,0,0,0,0,15.749208983201443
0,400,28,1,50,600,105,63,1,2000,271.7925298097306
0,-200,-400,-28,-1,-50,-600,-105,-63,-1,-150.6894516508312
0,-27,-1200,-1,-505,-10,-15,-110,-10,-110,-262.3533527389422
0,0,400,1200,1,505,10,15,110,10,325.6914243921544
0,-400,-1200,-1,-505,-10,-15,-110,-10,-110,-291.7256274926129
0,0,28,1200,1,505,10,15,110,10,273.1336851528192
0,0,0,0,0,0,0,0,0,0,0.0
0,0,0,0,0,0,0,0,0,0,0.0
0,0,0,0,0,0,0,0,0,0,0.0
0,26,400,28,1200,1,505,10,15,110,282.8536905053362
0,0,0,-1200,-1,-505,-10,-15,-110,-10,-269.1777262853424
0,200,26,0,0,0,0,0,0,0,19.422599360144225
0,-26,-1200,-1,-505,-10,-15,-110,-10,-110,-262.2746066940262
0,200,26,1200,1,505,10,15,110,10,288.6003256454866
0,-200,0,0,0,0,0,0,0,0,-15.749208983201443
0,200,0,0,0,0,0,0,0,0,15.749208983201443
0,200,0,0,0,0,0,0,0,0,15.749208983201443
0,-200,0,0,0,0,0,0,0,0,-15.749208983201443
0,0,0,1,50,600,105,63,1,2000,236.33815297585087
0,0,-30,0,0,0,0,0,0,0,-4.2385273580109
1,0,0,0,0,0,0,0,0,0,0.02874285067579986
0,200,0,0,0,0,0,0,0,0,15.749208983201443
2,11,200,26,1200,1,505,10,15,110,253.14302232202982
0,430,1,50,600,105,63,1,2000,2,304.19613392745873
0,-200,-430,-1,-50,-600,-105,-63,-1,-2000,-312.83958742387523
0,10,11,200,26,1200,1,505,10,15,227.0893121040455
0,0,0,0,0,0,0,0,0,0,0.0
0,0,0,0,0,0,0,0,0,100,7.198577595262782
0,-200,0,0,0,0,0,0,0,0,-15.749208983201443
0,200,0,0,0,0,0,0,0,0,15.749208983201443
0,-200,0,0,0,0,0,0,0,0,-15.749208983201443
0,-200,0,0,0,0,0,0,0,0,-15.749208983201443
-10,-11,-200,-26,-1200,-1,-505,-10,-100,-15,-253.39556833379774
0,0,0,30,26,1200,1,505,10,100,202.8068125244096
0,0,0,0,-1200,-1,-505,-10,-100,-15,-219.6936002319029
0,0,200,0,0,0,0,0,0,0,28.256849053406004
0,200,0,0,0,0,0,0,0,0,15.749208983201443
0,430,1,50,600,105,63,1,2000,2,304.19613392745873
0,-200,-430,-1,-50,-600,-105,-63,-1,-2000,-312.83958742387523
0,-200,0,0,0,0,0,0,0,0,-15.749208983201443
0,0,30,0,0,0,0,0,0,0,4.2385273580109
0,0,-27,-400,-1,-50,-600,-105,-63,-1,-143.64245248024176
0,0,0,0,0,0,0,0,0,0,0.0
0,0,-30,-1200,-1,-505,-10,-100,-15,-110,-280.6357300688115
0,0,200,30,1200,1,505,10,100,15,252.90216164798747
0,-200,0,0,0,0,0,0,0,0,-15.749208983201443
0,27,400,1,50,600,105,63,1,2000,294.9779942953951
0,-200,-27,-400,-1,-50,-600,-105,-63,-1,-159.3916614634432
0,0,-29,-27,-400,-1,-50,-600,-105,-63,-135.31568749678465
0,0,200,0,0,0,0,0,0,0,28.256849053406004
0,0,27,400,1,50,600,105,63,1,143.64245248024176
0,0,-200,0,0,0,0,0,0,0,-28.256849053406004
0,0,400,0,0,0,0,0,0,0,56.51369810681201
0,0,400,1,50,600,105,63,1,2000,292.85185108266285
0,0,0,-27,-1,-50,-600,-105,-63,-1,-78.26148748206181
0,0,0,0,0,0,0,0,0,0,0.0
0,0,-30,-1200,-1,-505,-10,-100,-15,-110,-280.6357300688115
0,0,400,30,1200,1,505,10,100,15,281.1590107013935
0,-200,0,0,0,0,0,0,0,0,-15.749208983201443
0,0,0,0,26,1200,1,505,10,100,197.85510016173103
0,200,0,0,0,0,0,0,0,0,15.749208983201443
0,-400,0,0,0,0,0,0,0,0,-31.498417966402886
0,0,0,-26,-1200,-1,-505,-10,-100,-15,-223.98508427955767
0,0,0,1,50,600,105,63,1,2000,236.33815297585087
0,400,1,50,600,105,63,1,2000,2,301.8337525799785
0,-400,-400,-1,-50,-600,-105,-63,-1,-2000,-324.3502690490658
0,0,400,0,0,0,0,0,0,0,56.51369810681201
0,0,0,-1200,-1,-505,-10,-100,-15,-110,-276.3972027108006
0,0,0,29,1200,1,505,10,100,15,224.48025551582552
0,0,0,-28,-1,-50,-600,-105,-63,-1,-78.42654456081776
0,0,-29,-1200,-1,-505,-10,-100,-15,-110,-280.4944458235445
0,0,200,29,1200,1,505,10,100,15,252.73710456923152
0,0,0,0,0,0,0,0,0,0,0.0
20,10,11,200,29,1200,1,505,10,100,234.19490858266812
0,0,0,0,0,0,0,0,0,0,0.0
0,0,0,200,0,0,0,0,0,0,33.011415751190434
0,0,0,-200,0,0,0,0,0,0,-33.011415751190434
0,0,0,400,0,0,0,0,0,0,66.02283150238087
0,0,0,400,0,0,0,0,0,0,66.02283150238087
0,-11,-400,-29,-1200,-1,-505,-10,-100,-15,-281.8601601167136
0,0,0,-1200,-1,-505,-10,-100,-15,-110,-276.3972027108006
0,0,0,28,1200,1,505,10,100,15,224.31519843706957
0,0,-200,0,0,0,0,0,0,0,-28.256849053406004
0,400,28,1,50,600,105,63,1,2000,271.7925298097306
0,-400,-400,-28,-1,-50,-600,-105,-63,-1,-166.43866063403263
0,0,200,0,0,0,0,0,0,0,28.256849053406004
0,0,0,1,50,600,105,63,1,2000,236.33815297585087
0,0,0,0,-29,-50,-600,-105,-63,-1,-77.64979910756134
0,0,-28,-1200,-1,-505,-10,-100,-15,-110,-280.3531615782775
0,0,200,28,1200,1,505,10,100,15,252.57204749047557
0,-400,0,0,0,0,0,0,0,0,-31.498417966402886
0,0,0,0,50,600,105,63,1,2000,236.17309589709492
0,0,0,-28,0,0,0,0,0,0,-4.621598205166661
0,0,200,0,0,0,0,0,0,0,28.256849053406004
0,0,200,0,0,0,0,0,0,0,28.256849053406004
0,0,0,0,600,105,63,1,2000,2,261.941196430511
-11,-200,-28,-1200,-1,-505,-10,-100,-15,-110,-296.4185419189127
0,-28,-1200,-1,-505,-10,-100,-15,-110,-10,-262.24219623914394
0,200,28,1200,1,505,10,100,15,110,296.1023705614789
0,-28,-1200,-1,-505,-10,-100,-15,-110,-10,-262.24219623914394
0,0,400,1200,1,505,10,100,15,110,332.91090081761257
0,-400,-1200,-1,-505,-10,-100,-15,-110,-10,-291.53572494789864
0,0,27,1200,1,505,10,100,15,110,280.2118773330104
0,0,-27,0,0,0,0,0,0,0,-3.8146746222098105
0,0,0,28,0,0,0,0,0,0,4.621598205166661
0,-200,0,0,0,0,0,0,0,0,-15.749208983201443
0,200,0,0,0,0,0,0,0,0,15.749208983201443
0,200,0,0,0,0,0,0,0,0,15.749208983201443
0,-27,-1200,-1,-505,-10,-100,-15,-110,-10,-262.16345019422795
0,400,27,1200,1,505,10,100,15,110,311.7102952994133
0,0,-1200,-1,-505,-10,-100,-15,-110,-10,-260.03730698149576
0,0,30,1200,1,505,10,100,15,110,280.6357300688115
0,0,-1200,-1,-505,-10,-100,-15,-110,-10,-260.03730698149576
0,26,400,1200,1,505,10,100,15,110,334.9582979854288
0,200,26,0,0,0,0,0,0,0,19.422599360144225
0,200,0,0,0,0,0,0,0,0,15.749208983201443
0,-26,-1200,-1,-505,-10,-100,-15,-110,-10,-262.08470414931196
0,0,400,1200,1,505,10,100,15,110,332.91090081761257
0,0,0,27,1200,1,505,10,100,15,224.15014135831362
0,-400,-27,-1200,-1,-505,-10,-100,-15,-110,-311.7102952994133
0,400,0,0,0,0,0,0,0,0,31.498417966402886
0,0,-1200,-1,-505,-10,-100,-15,-110,-10,-260.03730698149576
0,0,27,1200,1,505,10,100,15,110,280.2118773330104
0,200,0,0,0,0,0,0,0,0,15.749208983201443
0,-27,-1200,-1,-505,-10,-100,-15,-110,-10,-262.16345019422795
0,400,27,1200,1,505,10,100,15,110,311.7102952994133
0,0,-1200,-1,-505,-10,-100,-15,-110,-10,-260.03730698149576
0,26,400,1200,1,505,10,100,15,110,334.9582979854288
0,200,26,0,0,0,0,0,0,0,19.422599360144225
0,-26,-1200,-1,-505,-10,-100,-15,-110,-10,-262.08470414931196
0,0,400,1200,1,505,10,100,15,110,332.91090081761257
0,-400,-1200,-1,-505,-10,-100,-15,-110,-10,-291.53572494789864
0,0,0,0,0,0,0,0,0,0,0.0
0,0,30,1200,1,505,10,100,15,110,280.6357300688115
0,427,1,600,105,63,1,2000,2,213,351.1039415013681
0,-400,-427,-1,-600,-105,-63,-1,-2000,-2,-353.93304420469167
0,0,-1200,-1,-505,-10,-100,-15,-110,-10,-260.03730698149576
0,26,400,1200,1,505,10,100,15,110,334.9582979854288
0,0,27,0,0,0,0,0,0,0,3.8146746222098105
0,0,0,0,-30,-600,-105,-63,-1,-2000,-233.42677250287332
0,200,26,0,0,0,0,0,0,0,19.422599360144225
0,-26,-1200,-1,-505,-10,-100,-15,-110,-10,-262.08470414931196
0,0,400,1200,1,505,10,100,15,110,332.91090081761257
0,-400,-1200,-1,-505,-10,-100,-15,-110,-10,-291.53572494789864
0,0,29,1200,1,505,10,100,15,110,280.4944458235445
0,0,-27,0,0,0,0,0,0,0,-3.8146746222098105
0,0,0,0,600,105,63,1,2000,2,261.941196430511
0,-200,0,0,0,0,0,0,0,0,-15.749208983201443
0,200,0,0,0,0,0,0,0,0,15.749208983201443
0,-29,-1200,-1,-505,-10,-100,-15,-110,-10,-262.32094228406
0,400,29,1200,1,505,10,100,15,110,311.99286378994736
-1,0,0,0,0,0,0,0,0,0,-0.02874285067579986
0,200,0,0,0,0,0,0,0,0,15.749208983201443
0,-29,-1200,-1,-505,-10,-100,-15,-110,-10,-262.32094228406
0,400,29,1200,1,505,10,100,15,110,311.99286378994736
0,200,0,0,0,0,0,0,0,0,15.749208983201443
0,0,0,0,0,0,0,0,0,0,0.0
0,-29,-1200,-1,-505,-10,-100,-15,-110,-10,-262.32094228406
0,400,29,1200,1,505,10,100,15,110,311.99286378994736
0,400,0,0,0,0,0,0,0,0,31.498417966402886
0,0,-1200,-1,-505,-10,-100,-15,-110,-10,-260.03730698149576
0,0,28,1200,1,505,10,100,15,110,280.3531615782775
0,200,0,0,0,0,0,0,0,0,15.749208983201443
0,-28,-1200,-1,-505,-10,-100,-15,-110,-10,-262.24219623914394
0,200,28,1200,1,505,10,100,15,110,296.1023705614789
0,-28,-1200,-1,-505,-10,-100,-15,-110,-10,-262.24219623914394
0,400,28,1200,1,505,10,100,15,110,311.8515795446803
0,200,0,0,0,0,0,0,0,0,15.749208983201443
-20,-154,-200,-427,-1,-600,-105,-63,-1,-2000,-340.88257319403067
0,-28,-1200,-1,-505,-10,-100,-15,-110,-10,-262.24219623914394
0,200,28,1200,1,505,10,100,15,110,296.1023705614789
154,200,427,1,600,105,63,1,2000,2,342.6102342255634
0,0,0,0,0,0,0,0,0,0,0.0
0,-28,-1200,-1,-505,-10,-100,-15,-110,-10,-262.24219623914394
0,200,28,1200,1,505,10,100,15,110,296.1023705614789
0,200,0,0,0,0,0,0,0,0,15.749208983201443
0,-28,-1200,-1,-505,-10,-100,-15,-110,-10,-262.24219623914394
0,400,28,1200,1,505,10,100,15,110,311.8515795446803
0,200,0,0,0,0,0,0,0,0,15.749208983201443
0,200,0,0,0,0,0,0,0,0,15.749208983201443
0,-28,-1200,-1,-505,-10,-100,-15,-110,-10,-262.24219623914394
0,400,28,1200,1,505,10,100,15,110,311.8515795446803
0,427,1,600,105,63,1,2000,2,213,351.1039415013681
0,0,0,0,0,0,0,0,0,0,0.0
0,-200,-427,-1,-600,-105,-63,-1,-2000,-2,-338.1838352214902
0,400,0,0,0,0,0,0,0,0,31.498417966402886
0,0,-1200,-1,-505,-10,-100,-15,-110,-10,-260.03730698149576
0,30,400,1200,1,505,10,100,15,110,335.27328216509284
0,200,30,0,0,0,0,0,0,0,19.987736341212344
0,-200,0,0,0,0,0,0,0,0,-15.749208983201443
0,-30,-1200,-1,-505,-10,-100,-15,-110,-10,-262.39968832897597
0,0,400,1200,1,505,10,100,15,110,332.91090081761257
0,-400,-1200,-1,-505,-10,-100,-15,-110,-10,-291.53572494789864
0,0,29,1200,1,505,10,100,15,110,280.4944458235445
0,200,0,0,0,0,0,0,0,0,15.749208983201443
0,-29,-1200,-1,-505,-10,-100,-15,-110,-10,-262.32094228406
-100,-154,-200,-427,-1,-600,-105,-63,-1,-2000,-343.1820012480947
154,200,427,1,600,105,63,1,2000,2,342.6102342255634
0,400,29,1200,1,505,10,100,15,110,311.99286378994736
0,-200,0,0,0,0,0,0,0,0,-15.749208983201443
0,0,0,0,0,0,0,0,0,0,0.0
-400,-29,-1200,-1,-505,-10,-100,-15,-110,-10,-273.8180825543799
-100,-154,-400,-427,-1,-600,-105,-63,-1,-2000,-371.4388503015007
-29,-1200,-1,-505,-10,-100,-15,-110,-10,-110,-211.91146030727478
-100,0,0,0,0,0,0,0,0,0,-2.874285067579986
100,0,0,0,0,0,0,0,0,0,2.874285067579986
-14,-100,-154,-400,-427,-1,-600,-105,-63,-1,-222.6218884441458
-16,0,0,0,0,0,0,0,0,0,-0.4598856108127978
0,-16,0,0,0,0,0,0,0,0,-1.2599367186561155
0,100,0,0,0,0,0,0,0,0,7.874604491600722
0,27,1200,1,505,10,100,15,110,10,262.16345019422795
-27,-1200,-1,-505,-10,-100,-15,-110,-10,-110,-211.85397460592318
-1200,-1,-505,-10,-100,-15,-110,-10,-110,-100,-149.7851906209177
0,0,0,0,-29,-427,-1,-600,-105,-63,-121.35630379375972
0,0,0,0,0,27,0,0,0,0,3.161400180423436
14,0,0,0,0,0,0,0,0,0,0.4023999094611981
0,154,400,29,400,1,600,105,63,1,196.28398649518095
0,400,1,505,10,100,15,110,10,110,148.0810817048708
0,0,200,0,0,0,0,0,0,0,28.256849053406004
0,0,-200,0,0,0,0,0,0,0,-28.256849053406004
0,-1,-505,-10,-100,-15,-110,-10,-110,-100,-115.29376980995782
0,0,400,505,10,100,15,110,10,110,172.95507760001288
400,1200,1,0,0,0,0,0,0,0,106.13367841479564
0,0,29,400,1,600,105,63,1,2000,299.56467819637675
0,0,-400,-29,-400,-1,-600,-105,-63,-1,-184.15709557811584
154,400,29,400,1,600,105,63,1,2000,335.48949516685286
-1200,-1,-505,-10,-100,-15,-110,-10,-110,-100,-149.7851906209177
200,1200,1,505,10,100,15,110,10,110,216.82648777283657
0,0,0,28,505,10,100,15,110,10,94.95275378747047
200,0,0,0,0,0,0,0,0,0,5.748570135159972
-200,0,0,0,0,0,0,0,0,0,-5.748570135159972
-1200,-1,-28,-505,-10,-100,-15,-110,-10,-110,-154.96750521655355
400,1200,1,28,505,10,100,15,110,10,201.0864322022661
0,0,0,-505,-10,-100,-15,-110,-10,-110,-116.4413794932009
0,26,1200,1,505,10,100,15,110,10,262.08470414931196
0,0,400,1,600,105,63,1,2000,2,318.619951616079
0,0,-30,0,0,0,0,0,0,0,-4.2385273580109
-200,0,0,0,0,0,0,0,0,0,-5.748570135159972
-26,-1200,-1,-505,-10,-100,-15,-110,-10,-110,-211.8252317552474
0,-200,0,0,0,0,0,0,0,0,-15.749208983201443
0,-200,0,0,0,0,0,0,0,0,-15.749208983201443
200,26,1200,1,505,10,100,15,110,10,267.83327428447194
0,430,1,600,105,63,1,2000,2,213,351.3401796361162
0,-400,-430,-1,-600,-105,-63,-1,-2000,-2,-354.35689694049273
-26,-1200,-1,-505,-10,-100,-15,-110,-10,-110,-211.8252317552474
200,26,1200,1,505,10,100,15,110,10,267.83327428447194
-26,-1200,-1,-505,-10,-100,-15,-110,-10,-110,-211.8252317552474
200,26,1200,1,505,10,100,15,110,10,267.83327428447194
-26,-1200,-1,-505,-10,-100,-15,-110,-10,-110,-211.8252317552474
200,26,1200,1,505,10,100,15,110,10,267.83327428447194
-26,-1200,-1,-505,-10,-100,-15,-110,-10,-110,-211.8252317552474
200,26,1200,1,505,10,100,15,110,10,267.83327428447194
-26,-1200,-1,-505,-10,-100,-15,-110,-10,-110,-211.8252317552474
200,26,1200,1,505,10,100,15,110,10,267.83327428447194
-26,-1200,-1,-505,-10,-100,-15,-110,-10,-110,-211.8252317552474
200,26,1200,1,505,10,100,15,110,10,267.83327428447194
-26,-1200,-1,-505,-10,-100,-15,-110,-10,-110,-211.8252317552474
200,26,1200,1,505,10,100,15,110,10,267.83327428447194
0,-1200,-1,-505,-10,-100,-15,-110,-10,-110,-211.0779176376766
0,27,1200,1,505,10,100,15,110,10,262.16345019422795
200,0,0,0,0,0,0,0,0,0,5.748570135159972
0,26,27,1200,1,505,10,100,15,110,282.2592745008266
0,0,-1200,-1,-505,-10,-100,-15,-110,-10,-260.03730698149576
0,-1200,-1,-505,-10,-100,-15,-110,-10,-110,-211.0779176376766
0,26,1200,1,505,10,100,15,110,10,262.08470414931196
0,430,1,600,105,63,1,2000,2,213,351.3401796361162
0,-200,-430,-1,-600,-105,-63,-1,-2000,-2,-338.6076879572913
0,-200,0,0,0,0,0,0,0,0,-15.749208983201443
0,200,0,0,0,0,0,0,0,0,15.749208983201443
0,430,1,600,105,63,1,2000,2,213,351.3401796361162
0,-400,-430,-1,-600,-105,-63,-1,-2000,-2,-354.35689694049273
0,-1200,-1,-505,-10,-100,-15,-110,-10,-110,-211.0779176376766
0,26,1200,1,505,10,100,15,110,10,262.08470414931196
0,-400,0,0,0,0,0,0,0,0,-31.498417966402886
200,0,0,0,0,0,0,0,0,0,5.748570135159972
0,-1200,-1,-505,-10,-100,-15,-110,-10,-110,-211.0779176376766
0,27,1200,1,505,10,100,15,110,10,262.16345019422795
0,0,0,-30,-1,-600,-105,-63,-1,-2000,-234.39631594393057
0,0,30,0,0,0,0,0,0,0,4.2385273580109
0,400,30,1,600,105,63,1,2000,2,297.84319883368073
0,-400,-400,-30,-1,-600,-105,-63,-1,-2000,-322.4084320171455
200,0,0,0,0,0,0,0,0,0,5.748570135159972
0,0,0,1,600,105,63,1,2000,2,262.10625350926693
0,-1200,-1,-505,-10,-100,-15,-110,-10,-110,-211.0779176376766
0,0,-27,-400,-1,-600,-105,-63,-1,-2000,-299.2821097058427
100,200,1200,1,505,10,100,15,110,10,278.66080103227716
-200,-1200,-1,-505,-10,-100,-15,-110,-10,-110,-216.82648777283657
0,0,400,1,600,105,63,1,2000,2,318.619951616079
0,-200,0,0,0,0,0,0,0,0,-15.749208983201443
200,0,0,0,0,0,0,0,0,0,5.748570135159972
-1200,-1,-505,-10,-100,-15,-110,-10,-110,-100,-149.7851906209177
200,1200,1,505,10,100,15,110,10,110,216.82648777283657
0,400,1,600,105,63,1,2000,2,213,348.977798288636
0,-200,-400,-1,-600,-105,-63,-1,-2000,-2,-334.3691605992804
-1200,-1,-505,-10,-100,-15,-110,-10,-110,-100,-149.7851906209177
400,1200,1,505,10,100,15,110,10,110,222.57505790799652
0,0,0,0,0,0,0,0,0,0,0.0
0,0,0,0,0,0,0,0,0,0,0.0
0,0,0,0,0,0,0,0,0,0,0.0
-1200,-1,-505,-10,-100,-15,-110,-10,-110,-100,-149.7851906209177
200,0,0,0,0,0,0,0,0,0,5.748570135159972
-200,0,0,0,0,0,0,0,0,0,-5.748570135159972
0,0,200,505,10,100,15,110,10,110,144.69822854660688
0,0,200,0,0,0,0,0,0,0,28.256849053406004
200,0,-505,-10,-100,-15,-110,-10,-110,-100,-109.46645362988184
200,1200,1,505,10,100,15,110,10,110,216.82648777283657
200,0,0,0,0,0,0,0,0,0,5.748570135159972
0,29,1200,1,505,10,100,15,110,10,262.32094228406
0,0,-29,0,0,0,0,0,0,0,-4.09724311274387
0,-200,0,0,0,0,0,0,0,0,-15.749208983201443
0,0,29,0,0,0,0,0,0,0,4.09724311274387
0,0,-26,-400,-1,-600,-105,-63,-1,-2000,-299.1408254605757
0,0,0,0,0,0,0,0,0,0,0.0
0,0,0,0,0,0,0,0,0,0,0.0
0,0,0,0,0,0,0,0,0,0,0.0
20,0,0,0,0,0,0,0,0,0,0.5748570135159972
3,0,0,0,0,0,0,0,0,0,0.08622855202739958
0,26,400,1,600,105,63,1,2000,2,320.66734878389514
100,200,29,1200,1,505,10,100,15,110,299.1179398743259
100,100,200,29,1200,1,505,10,100,15,263.48599412841224
0,0,0,0,0,0,0,0,0,0,0.0
27,0,0,0,0,0,0,0,0,0,0.7760569682465962
50,0,0,0,0,0,0,0,0,0,1.437142533789993
2,0,0,0,0,0,0,0,0,0,0.05748570135159972
1,0,0,0,0,0,0,0,0,0,0.02874285067579986
50,0,0,0,0,0,0,0,0,0,1.437142533789993
26,400,1,600,105,63,1,2000,2,213,349.7251124062068
0,-200,-29,-1200,-1,-505,-10,-100,-15,-110,-296.24365480674595
100,100,200,29,1200,1,505,10,100,15,263.48599412841224
24,0,0,0,0,0,0,0,0,0,0.6898284162191967
0,100,100,200,29,1200,1,505,10,100,253.28149344035845
28,0,0,0,0,0,0,0,0,0,0.8047998189223962
100,0,0,0,0,0,0,0,0,0,2.874285067579986
100,0,28,100,200,29,1200,1,505,10,202.0833606825596
100,0,0,0,0,0,0,0,0,0,2.874285067579986
100,0,0,0,0,0,0,0,0,0,2.874285067579986
0,100,0,0,0,0,0,0,0,0,7.874604491600722
-100,0,0,0,0,0,0,0,0,0,-2.874285067579986
0,0,0,0,0,0,0,0,0,0,0.0
0,-100,0,0,0,0,0,0,0,0,-7.874604491600722
-100,0,0,0,0,0,0,0,0,0,-2.874285067579986
-100,0,0,0,0,0,0,0,0,0,-2.874285067579986
-100,0,0,0,0,0,0,0,0,0,-2.874285067579986
-100,0,0,0,0,0,0,0,0,0,-2.874285067579986
0,-28,-100,-200,-29,-1200,-1,-505,-10,-100,-247.61177820640592
0,0,0,100,200,29,1200,1,505,10,195.2531167475028
0,0,0,-200,-29,-1200,-1,-505,-10,-100,-231.27846442205472
0,0,0,0,0,0,0,0,0,0,0.0
0,0,-200,-29,-1200,-1,-505,-10,-100,-15,-252.73710456923152
400,1,600,105,63,1,2000,2,213,2,317.1544348709076
0,0,-27,-600,-105,-63,-1,-2000,-2,-213,-321.15277069917585
-24,0,0,0,0,0,0,0,0,0,-0.6898284162191967
0,-200,-29,-1200,-1,-505,-10,-100,-15,-110,-296.24365480674595
0,200,0,0,0,0,0,0,0,0,15.749208983201443
-200,-400,-1,-27,-600,-105,-63,-1,-2000,-2,-303.7860099037516
400,1,27,600,105,63,1,2000,2,213,332.7286570144118
0,0,0,-200,-600,-105,-63,-1,-2000,-2,-294.9526121817014
0,0,0,-200,0,0,0,0,0,0,-33.011415751190434
0,0,0,200,0,0,0,0,0,0,33.011415751190434
-400,-400,-1,-27,0,0,0,0,0,0,-47.59338360840057
-200,-29,-1200,-1,-505,-10,-100,-15,-110,-10,-268.0695124192199
400,1,27,600,105,63,1,2000,2,213,332.7286570144118
-200,0,0,0,0,0,0,0,0,0,-5.748570135159972
0,-1200,-1,-505,-10,-100,-15,-110,-10,-110,-211.0779176376766
27,200,1200,1,505,10,100,15,110,10,276.5625729329438
200,27,0,0,0,0,0,0,0,0,7.8747133478921665
-27,-1200,-1,-505,-10,-100,-15,-110,-10,-110,-211.85397460592318
0,200,1200,1,505,10,100,15,110,10,275.7865159646972
-200,-1200,-1,-505,-10,-100,-15,-110,-10,-110,-216.82648777283657
0,27,1200,1,505,10,100,15,110,10,262.16345019422795
200,0,0,0,0,0,0,0,0,0,5.748570135159972
0,-200,-1,-27,-600,-105,-63,-1,-2000,-2,-282.28823078539017
0,-200,0,0,0,0,0,0,0,0,-15.749208983201443
0,200,0,0,0,0,0,0,0,0,15.749208983201443
0,-200,0,0,0,0,0,0,0,0,-15.749208983201443
0,0,0,600,105,63,1,2000,2,213,317.33809607696605
0,0,-28,0,0,0,0,0,0,0,-3.9559588674768404
-27,-1200,-1,-505,-10,-100,-15,-110,-10,-110,-211.85397460592318
200,0,0,0,0,0,0,0,0,0,5.748570135159972
0,-200,0,0,0,0,0,0,0,0,-15.749208983201443
0,200,0,0,0,0,0,0,0,0,15.749208983201443
0,-200,0,0,0,0,0,0,0,0,-15.749208983201443
0,0,28,0,0,0,0,0,0,0,3.9559588674768404
0,0,-27,-1,-600,-105,-63,-1,-2000,-2,-265.9209281314768
-27,0,0,0,0,0,0,0,0,0,-0.7760569682465962
5,200,1200,1,505,10,100,15,110,10,275.9302302180762
0,-1200,-1,-505,-10,-100,-15,-110,-10,-110,-211.0779176376766
0,200,1200,1,505,10,100,15,110,10,275.7865159646972
0,200,0,0,0,0,0,0,0,0,15.749208983201443
0,200,0,0,0,0,0,0,0,0,15.749208983201443
0,-1200,-1,-505,-10,-100,-15,-110,-10,-110,-211.0779176376766
0,200,1200,1,505,10,100,15,110,10,275.7865159646972
0,27,1,600,105,63,1,2000,2,213,319.6055235349653
0,-200,-27,-1,-600,-105,-63,-1,-2000,-2,-281.6701371146782
0,200,0,0,0,0,0,0,0,0,15.749208983201443
0,200,0,0,0,0,0,0,0,0,15.749208983201443
0,27,1,600,105,63,1,2000,2,213,319.6055235349653
0,0,-200,0,0,0,0,0,0,0,-28.256849053406004
0,200,0,0,0,0,0,0,0,0,15.749208983201443
0,201,600,105,63,1,2000,2,213,2,321.4065035837891
0,0,29,1200,1,505,10,100,15,110,280.4944458235445
0,0,-28,-600,-105,-63,-1,-2000,-2,-213,-321.2940549444429
0,200,0,0,0,0,0,0,0,0,15.749208983201443
0,-29,-1200,-1,-505,-10,-100,-15,-110,-10,-262.32094228406
0,200,29,1200,1,505,10,100,15,110,296.24365480674595
0,200,0,0,0,0,0,0,0,0,15.749208983201443
0,0,-1200,-1,-505,-10,-100,-15,-110,-10,-260.03730698149576
0,28,200,1200,1,505,10,100,15,110,306.85894102185483
0,200,28,0,0,0,0,0,0,0,19.705167850678283
0,-200,-1,-28,-600,-105,-63,-1,-2000,-2,-282.45328786414615
0,-200,0,0,0,0,0,0,0,0,-15.749208983201443
0,-28,-1200,-1,-505,-10,-100,-15,-110,-10,-262.24219623914394
0,200,28,1200,1,505,10,100,15,110,296.1023705614789
0,200,0,0,0,0,0,0,0,0,15.749208983201443
0,-200,0,0,0,0,0,0,0,0,-15.749208983201443
0,0,0,600,105,63,1,2000,2,213,317.33809607696605
0,0,-29,0,0,0,0,0,0,0,-4.09724311274387
0,-200,0,0,0,0,0,0,0,0,-15.749208983201443
0,200,0,0,0,0,0,0,0,0,15.749208983201443
0,200,0,0,0,0,0,0,0,0,15.749208983201443
0,30,600,105,63,1,2000,2,213,2,307.94092990315187
0,-200,-30,-600,-105,-63,-1,-2000,-2,-213,-337.3258324181784
0,-200,0,0,0,0,0,0,0,0,-15.749208983201443
-100,-400,-400,-30,-600,-105,-63,-1,-2000,-2,-357.77930993398445
400,400,30,600,105,63,1,2000,2,213,364.5721816716998
-148,-400,-400,-30,-600,-105,-63,-1,-2000,-2,-359.15896676642285
0,-28,-1200,-1,-505,-10,-100,-15,-110,-10,-262.24219623914394
400,400,30,600,105,63,1,2000,2,213,364.5721816716998
0,0,28,1200,1,505,10,100,15,110,280.3531615782775
0,-28,-1200,-1,-505,-10,-100,-15,-110,-10,-262.24219623914394
0,0,0,0,200,505,10,100,15,110,105.65462597616286
0,-1200,-1,-200,-505,-10,-100,-15,-110,-10,-217.97910947796996
0,0,29,0,0,0,0,0,0,0,4.09724311274387
-27,-400,-400,-1,-600,-105,-63,-1,-2000,-2,-350.89442655072844
0,0,-26,-400,-1,-600,-105,-63,-1,-2000,-299.1408254605757
0,0,0,200,0,0,0,0,0,0,33.011415751190434
0,0,0,200,0,0,0,0,0,0,33.011415751190434
0,0,-400,1,600,105,63,1,2000,2,205.59255540245493
-200,-27,-400,-26,-1,-600,-105,-63,-1,-2000,-298.12449908361094
0,400,26,1,600,105,63,1,2000,2,297.2780618526126
0,0,0,200,0,0,0,0,0,0,33.011415751190434
0,0,200,1,0,0,0,0,0,0,28.421906132161958
0,0,200,0,0,0,0,0,0,0,28.256849053406004
400,26,1,600,105,63,1,2000,2,213,331.0239177603692
-400,-400,-26,-1,-600,-105,-63,-1,-2000,-2,-308.77520212293257
200,0,0,0,0,0,0,0,0,0,5.748570135159972
0,0,-200,0,0,0,0,0,0,0,-28.256849053406004
0,400,-1,-505,-10,-100,-15,-110,-10,-110,-85.08424577206505
0,400,1200,1,505,10,100,15,110,10,291.53572494789864
400,26,1,600,105,63,1,2000,2,213,331.0239177603692
0,-200,0,0,0,0,0,0,0,0,-15.749208983201443
0,26,0,0,0,0,0,0,0,0,2.0473971678161877
0,200,0,0,0,0,0,0,0,0,15.749208983201443
0,0,0,-30,-600,-105,-63,-1,-2000,-2,-266.8929087931896
0,0,27,1200,1,505,10,100,15,110,280.2118773330104
0,-200,0,0,0,0,0,0,0,0,-15.749208983201443
0,0,0,600,105,63,1,2000,2,213,317.33809607696605
0,0,-27,0,0,0,0,0,0,0,-3.8146746222098105
0,200,0,0,0,0,0,0,0,0,15.749208983201443
-400,-400,0,0,0,0,0,0,0,0,-42.99555823672283
0,100,0,0,0,0,0,0,0,0,7.874604491600722
0,-100,0,0,0,0,0,0,0,0,-7.874604491600722
200,0,0,0,0,0,0,0,0,0,5.748570135159972
400,28,600,105,63,1,2000,2,213,2,319.2805780836398
0,-200,-28,-600,-105,-63,-1,-2000,-2,-213,-337.0432639276443
0,0,27,0,0,0,0,0,0,0,3.8146746222098105
0,-200,0,0,0,0,0,0,0,0,-15.749208983201443
0,200,0,0,0,0,0,0,0,0,15.749208983201443
0,-400,0,0,0,0,0,0,0,0,-31.498417966402886
0,0,0,-27,-600,-105,-63,-1,-2000,-2,-266.3977375569217
0,-27,-1200,-1,-505,-10,-100,-15,-110,-10,-262.16345019422795
0,400,27,1200,1,505,10,100,15,110,311.7102952994133
0,0,-1200,-1,-505,-10,-100,-15,-110,-10,-260.03730698149576
0,0,29,1200,1,505,10,100,15,110,280.4944458235445
0,0,0,600,105,63,1,2000,2,213,317.33809607696605
0,0,-30,0,0,0,0,0,0,0,-4.2385273580109
-200,-400,0,0,0,0,0,0,0,0,-37.246988101562856
0,-29,-1200,-1,-505,-10,-100,-15,-110,-10,-262.32094228406
0,200,29,1200,1,505,10,100,15,110,296.24365480674595
0,0,0,0,0,0,0,0,0,0,0.0
-495,-229,-1600,-32,-1105,-115,-163,-16,-2110,-12,-615.8695263305399
0,-100,-200,-400,-31,-600,-105,-63,-1,-2000,-335.71837371997196
0,-38,-100,-200,-400,-31,-600,-105,-63,-1,-176.50159903922008
0,0,-100,0,0,0,0,0,0,0,-14.128424526703002
0,0,0,0,0,0,0,0,0,0,0.0
187,0,0,0,0,0,0,0,0,0,5.374913076374574
0,-38,0,0,0,0,0,0,0,0,-2.992349706808274
0,0,0,0,0,0,0,0,0,0,0.0
76,200,200,400,31,600,105,63,1,2000,345.77743486293355
0,100,0,0,0,0,0,0,0,0,7.874604491600722
38,0,0,0,0,0,0,0,0,0,1.0922283256803946
0,200,400,31,600,105,63,1,2000,2,339.32087296195897
0,-38,-200,-400,-31,-600,-105,-63,-1,-2000,-330.83611893517957
0,0,400,31,600,105,63,1,2000,2,323.57166397875756
38,200,29,1200,1,505,10,100,15,110,297.3358831324263
0,38,200,29,1200,1,505,10,100,15,255.7294542760398
0,0,-29,-1200,-1,-505,-10,-100,-15,-110,-280.4944458235445
0,0,0,400,1200,1,505,10,100,15,285.7164317342838
0,0,-400,-1200,-1,-505,-10,-100,-15,-110,-332.91090081761257
0,0,0,28,1200,1,505,10,100,15,224.31519843706957
0,400,31,600,105,63,1,2000,2,213,353.21632564664685
0,-400,-28,-1200,-1,-505,-10,-100,-15,-110,-311.8515795446803
0,-400,-400,-31,-600,-105,-63,-1,-2000,-2,-355.0700819451604
400,400,31,600,105,63,1,2000,2,213,364.7134659169668
-400,-28,-1200,-1,-505,-10,-100,-15,-110,-10,-273.7393365094639
-200,0,0,0,0,0,0,0,0,0,-5.748570135159972
200,0,0,0,0,0,0,0,0,0,5.748570135159972
-200,0,0,0,0,0,0,0,0,0,-5.748570135159972
-22,-400,-400,-31,-600,-105,-63,-1,-2000,-2,-355.702424660028
-28,-1200,-1,-505,-10,-100,-15,-110,-10,-110,-211.88271745659898
0,200,0,0,0,0,0,0,0,0,15.749208983201443
0,400,31,600,105,63,1,2000,2,213,353.21632564664685
400,31,600,105,63,1,2000,2,213,2,319.5168162183879
-1200,-1,-505,-10,-100,-15,-110,-10,-110,-100,-149.7851906209177
0,28,1,505,10,100,15,110,10,110,118.78755299611613
200,1200,28,1,505,10,100,15,110,10,194.69599556290524
-400,-400,-31,-600,-105,-63,-1,-2000,-2,-213,-364.7134659169668
400,31,600,105,63,1,2000,2,213,2,319.5168162183879
0,-400,-31,-600,-105,-63,-1,-2000,-2,-213,-353.21632564664685
0,0,30,0,0,0,0,0,0,0,4.2385273580109
0,0,0,-27,-600,-105,-63,-1,-2000,-2,-266.3977375569217
-1200,-28,-1,-505,-10,-100,-15,-110,-10,-110,-153.27897380707594
200,1200,28,1,505,10,100,15,110,10,194.69599556290524
0,0,0,600,105,63,1,2000,2,213,317.33809607696605
0,0,0,-26,-600,-105,-63,-1,-2000,-2,-266.2326804781658
0,-400,0,0,0,0,0,0,0,0,-31.498417966402886
-400,1,26,600,105,63,1,2000,2,213,309.5930922285049
0,0,0,30,0,0,0,0,0,0,4.951712362678566
0,0,-31,-505,-10,-100,-15,-110,-10,-110,-120.82119109647881
-200,-400,-1,-26,-600,-105,-63,-1,-2000,-2,-303.62095282499564
0,0,0,-28,-26,-600,-105,-63,-1,-2000,-237.49910602919567
0,0,0,0,600,105,63,1,2000,2,261.941196430511
-1200,-31,-505,-10,-100,-15,-110,-10,-110,-100,-152.1475719683979
200,1200,31,505,10,100,15,110,10,110,221.06501513084746
-200,0,0,0,0,0,0,0,0,0,-5.748570135159972
0,0,0,-30,-28,-600,-105,-63,-1,-2000,-238.10385252612974
0,0,0,0,600,105,63,1,2000,2,261.941196430511
200,0,0,0,0,0,0,0,0,0,5.748570135159972
0,0,-30,0,0,0,0,0,0,0,-4.2385273580109
0,29,1200,1,505,10,100,15,110,10,262.32094228406
200,0,0,0,0,0,0,0,0,0,5.748570135159972
-200,0,0,0,0,0,0,0,0,0,-5.748570135159972
-29,-1200,-1,-505,-10,-100,-15,-110,-10,-110,-211.91146030727478
200,29,1200,1,505,10,100,15,110,10,268.0695124192199
0,0,-27,0,0,0,0,0,0,0,-3.8146746222098105
0,0,0,600,105,63,1,2000,2,213,317.33809607696605
200,0,0,0,0,0,0,0,0,0,5.748570135159972
-29,-1200,-1,-505,-10,-100,-15,-110,-10,-110,-211.91146030727478
200,29,1200,1,505,10,100,15,110,10,268.0695124192199
0,-1200,-1,-505,-10,-100,-15,-110,-10,-110,-211.0779176376766
0,0,30,1,505,10,100,15,110,10,94.73474001907066
-1200,-30,-1,-505,-10,-100,-15,-110,-10,-110,-153.43646589690798
200,1200,30,1,505,10,100,15,110,10,194.9785640534393
-200,0,0,0,0,0,0,0,0,0,-5.748570135159972
200,0,0,0,0,0,0,0,0,0,5.748570135159972
-200,0,0,0,0,0,0,0,0,0,-5.748570135159972
0,0,27,0,0,0,0,0,0,0,3.8146746222098105
0,0,-29,-1,-600,-105,-63,-1,-2000,-2,-266.2034966220108
400,29,1,600,105,63,1,2000,2,213,331.26015589511724
-200,-400,-29,-1,-600,-105,-63,-1,-2000,-2,-303.4504847235737
-200,0,0,0,0,0,0,0,0,0,-5.748570135159972
-200,0,0,0,0,0,0,0,0,0,-5.748570135159972
400,29,1,600,105,63,1,2000,2,213,331.26015589511724
-200,-400,-29,-1,-600,-105,-63,-1,-2000,-2,-303.4504847235737
-200,0,0,0,0,0,0,0,0,0,-5.748570135159972
-1200,-30,-1,-505,-10,-100,-15,-110,-10,-110,-153.43646589690798
200,1200,30,1,505,10,100,15,110,10,194.9785640534393
200,0,0,0,0,0,0,0,0,0,5.748570135159972
200,0,0,0,0,0,0,0,0,0,5.748570135159972
-200,0,0,0,0,0,0,0,0,0,-5.748570135159972
-200,0,0,0,0,0,0,0,0,0,-5.748570135159972
0,0,1,600,105,63,1,2000,2,213,317.47938032223306
0,0,-30,-1,-600,-105,-63,-1,-2000,-2,-266.34478086727785
0,0,-1,-505,-10,-100,-15,-110,-10,-110,-116.58266373846793
0,0,28,1,505,10,100,15,110,10,94.4521715285366
0,-100,-400,-30,-1,-600,-105,-63,-1,-2000,-298.7846185423433
0,0,-1,-505,-10,-100,-15,-110,-10,-110,-116.58266373846793
0,0,27,1,505,10,100,15,110,10,94.31088728326957
-1200,-27,-1,-505,-10,-100,-15,-110,-10,-110,-153.20022776215993
0,200,27,1,505,10,100,15,110,10,110.06009626647102
0,0,0,0,0,-100,-600,-105,-63,-1,-79.52207496450194
200,1200,0,0,0,0,0,0,0,0,100.24382403436863
-18,-200,-100,-400,-30,-1,-100,-600,-105,-63,-176.8025221098041
0,0,0,0,1,100,600,105,63,1,79.65939113421301
0,0,0,-27,-400,-1,-100,-600,-105,-63,-135.6482097048646
0,-200,0,0,0,0,0,0,0,0,-15.749208983201443
0,200,0,0,0,0,0,0,0,0,15.749208983201443
0,-200,0,0,0,0,0,0,0,0,-15.749208983201443
-1200,-27,-1,-505,-10,-100,-15,-110,-10,-110,-153.20022776215993
0,200,0,0,0,0,0,0,0,0,15.749208983201443
0,0,0,400,1,100,600,105,63,1,145.68222263659385
0,0,-29,-100,-400,-1,-100,-600,-105,-63,-151.79461956679296
0,-200,0,0,0,0,0,0,0,0,-15.749208983201443
0,-200,0,0,0,0,0,0,0,0,-15.749208983201443
0,200,0,0,0,0,0,0,0,0,15.749208983201443
0,-200,0,0,0,0,0,0,0,0,-15.749208983201443
200,29,100,400,1,100,600,105,63,1,167.84285260102106
0,-200,0,0,0,0,0,0,0,0,-15.749208983201443
29,100,400,1,100,600,105,63,1,2000,308.42580672941574
-400,-29,-100,-400,-1,-100,-600,-105,-63,-1,-173.59142273618102
0,100,400,1,100,600,105,63,1,2000,307.5922640598176
0,0,-29,-400,-1,-100,-600,-105,-63,-1,-149.77946574933773
0,200,0,0,0,0,0,0,0,0,15.749208983201443
200,0,0,0,0,0,0,0,0,0,5.748570135159972
100,29,400,1,100,600,105,63,1,2000,304.87557993836106
-200,-100,-29,-400,-1,-100,-600,-105,-63,-1,-163.40264037609845
0,0,400,1,100,600,105,63,1,2000,299.71765956821685
-200,0,0,0,0,0,0,0,0,0,-5.748570135159972
0,-27,0,0,0,0,0,0,0,0,-2.126143212732195
0,0,0,-27,0,0,0,0,0,0,-4.456541126410709
0,27,200,1,505,10,100,15,110,10,120.87920492719796
200,0,-1,-505,-10,-100,-15,-110,-10,-110,-110.83409360330795
141,1400,27,1,505,10,100,15,110,10,208.60809211096745
0,0,0,0,0,0,0,0,0,0,0.0
0,0,0,27,0,0,0,0,0,0,4.456541126410709
0,0,0,-30,-1,-100,-600,-105,-63,-1,-84.61110349689157
200,0,0,0,0,0,0,0,0,0,5.748570135159972
-400,0,0,0,0,0,0,0,0,0,-11.497140270319944
0,200,0,0,0,0,0,0,0,0,15.749208983201443
0,27,1600,27,1,505,10,100,15,110,310.9661849700489
0,0,0,-1,-505,-10,-100,-15,-110,-10,-90.49621266105976
0,0,-200,0,0,0,0,0,0,0,-28.256849053406004
0,200,27,1200,1,505,10,100,15,110,295.96108631621183
0,0,0,1,100,600,105,63,1,2000,243.20396146140484
0,0,0,-26,-1,-100,-600,-105,-63,-1,-83.95087518186777
0,-27,-1200,-1,-505,-10,-100,-15,-110,-10,-262.16345019422795
0,200,27,1200,1,505,10,100,15,110,295.96108631621183
0,200,0,0,0,0,0,0,0,0,15.749208983201443
0,-200,0,0,0,0,0,0,0,0,-15.749208983201443
0,200,0,0,0,0,0,0,0,0,15.749208983201443
0,-27,-1200,-1,-505,-10,-100,-15,-110,-10,-262.16345019422795
0,200,27,1200,1,505,10,100,15,110,295.96108631621183
0,200,0,0,0,0,0,0,0,0,15.749208983201443
0,-200,0,0,0,0,0,0,0,0,-15.749208983201443
0,200,0,0,0,0,0,0,0,0,15.749208983201443
10,141,200,27,1200,1,505,10,100,15,263.79761125163463
0,0,-27,-1200,-1,-505,-10,-100,-15,-110,-280.2118773330104
-100,-400,-100,-400,-26,-1,-100,-600,-105,-63,-194.3593801695768
400,100,400,26,1,100,600,105,63,1,159.83631805060043
200,0,0,0,0,0,0,0,0,0,5.748570135159972
0,0,200,27,1200,1,505,10,100,15,252.40699041171962
0,0,200,0,0,0,0,0,0,0,28.256849053406004
0,0,-200,0,0,0,0,0,0,0,-28.256849053406004
0,0,400,0,0,0,0,0,0,0,56.51369810681201
100,400,26,1,100,600,105,63,1,2000,281.2500548723305
0,0,-200,-26,-1,-100,-600,-105,-63,-1,-112.20772423527377
0,-200,26,1,100,600,105,63,1,2000,231.1281428551462
-50,-100,-600,-26,-1,-100,-600,-105,-63,-1,-178.0331693674765
0,0,-200,0,0,0,0,0,0,0,-28.256849053406004
0,-28,0,0,0,0,0,0,0,0,-2.204889257648202
0,0,0,1,100,600,105,63,1,2000,243.20396146140484
0,0,200,0,0,0,0,0,0,0,28.256849053406004
0,-200,-128,-400,-1,-100,-600,-105,-63,-1,-179.51581501397516
0,0,28,0,0,0,0,0,0,0,3.9559588674768404
0,0,-27,-100,-400,-1,-100,-600,-105,-63,-151.5120510762589
0,-200,0,0,0,0,0,0,0,0,-15.749208983201443
0,27,100,400,1,100,600,105,63,1,161.93679037602908
0,-200,-27,-100,-400,-1,-100,-600,-105,-63,-167.26126005946037
0,-200,0,0,0,0,0,0,0,0,-15.749208983201443
0,0,100,400,1,100,600,105,63,1,159.81064716329686
0,0,0,0,-29,-1,-100,-600,-105,-63,-80.24736961564328
0,0,-27,-1200,-1,-505,-10,-100,-15,-110,-280.2118773330104
0,0,200,27,1200,1,505,10,100,15,252.40699041171962
0,0,-29,-100,-400,-29,-1,-100,-600,-105,-144.05076732187106
0,0,0,0,0,1,100,600,105,63,76.26520069402197
0,200,0,0,0,0,0,0,0,0,15.749208983201443
0,-200,0,0,0,0,0,0,0,0,-15.749208983201443
0,29,100,400,1,100,600,105,63,1,162.09428246586108
0,-400,-29,-100,-400,-1,-100,-600,-105,-63,-183.29303753319584
0,0,100,400,1,100,600,105,63,1,159.81064716329686
0,0,0,0,-28,-1,-100,-600,-105,-63,-80.11005344593221
0,0,200,0,0,0,0,0,0,0,28.256849053406004
0,0,-200,0,0,0,0,0,0,0,-28.256849053406004
0,0,400,0,0,0,0,0,0,0,56.51369810681201
0,-200,0,0,0,0,0,0,0,0,-15.749208983201443
0,0,0,0,1,100,600,105,63,1,79.65939113421301
0,0,-27,0,0,0,0,0,0,0,-3.8146746222098105
0,0,0,0,0,0,0,0,0,0,0.0
-141,-400,-27,-1200,-1,-505,-10,-100,-15,-110,-315.7630372447011
-400,-27,-1200,-1,-505,-10,-100,-15,-110,-10,-273.6605904645479
-100,-50,-200,-127,-400,-1,-100,-600,-105,-63,-187.22235394724618
-100,-100,-50,-200,-127,-400,-1,-100,-600,-105,-180.2249998330593
-162,-200,-100,-50,-200,-127,-400,-1,-100,-600,-171.91246518154284
-100,-162,-200,-100,-50,-200,-127,-400,-1,-100,-145.3933997491219
0,0,0,-100,0,0,0,0,0,0,-16.505707875595217
0,0,-100,0,0,0,0,0,0,0,-14.128424526703002
0,-35,-162,-300,-200,-50,-200,-127,-400,-1,-170.04705683012287
0,0,0,0,100,0,0,0,0,0,13.731616971107977
0,0,0,-100,0,0,0,0,0,0,-16.505707875595217
35,162,435,100,50,200,127,400,1,100,176.72691209294698
0,0,0,50,200,127,400,1,100,600,137.3784898621588
-27,-1200,-1,-505,-10,-100,-15,-110,-10,-110,-211.85397460592318
0,435,50,200,127,400,1,100,600,105,203.73063981234174
0,100,0,0,0,0,0,0,0,0,7.874604491600722
0,100,0,0,0,0,0,0,0,0,7.874604491600722
0,100,0,0,0,0,0,0,0,0,7.874604491600722
0,100,0,0,0,0,0,0,0,0,7.874604491600722
-100,-35,-35,-50,-200,-127,-400,-1,-100,-600,-147.9538350861451
35,35,50,200,127,400,1,100,600,105,173.23822161959183
200,27,1200,1,505,10,100,15,110,10,267.91202032938793
200,0,0,0,0,0,0,0,0,0,5.748570135159972
-200,0,0,0,0,0,0,0,0,0,-5.748570135159972
-27,-1200,-1,-505,-10,-100,-15,-110,-10,-110,-211.85397460592318
0,0,400,1,505,10,100,15,110,10,147.00991076787176
-1200,-400,-1,-505,-10,-100,-15,-110,-10,-110,-182.57250251583062
0,0,28,1,505,10,100,15,110,10,94.4521715285366
0,-28,-1,-505,-10,-100,-15,-110,-10,-110,-118.78755299611613
0,200,28,1,505,10,100,15,110,10,110.20138051173805
0,50,200,127,400,1,100,600,105,63,184.3480688796662
0,0,-200,0,0,0,0,0,0,0,-28.256849053406004
50,200,127,400,1,100,600,105,63,1,180.81167330249812
0,0,27,0,0,0,0,0,0,0,3.8146746222098105
0,0,-28,-100,-400,-1,-100,-600,-105,-63,-151.65333532152596
0,28,100,400,1,100,600,105,63,1,162.01553642094507
0,-200,-28,-100,-400,-1,-100,-600,-105,-63,-167.40254430472737
0,28,100,400,1,100,600,105,63,1,162.01553642094507
0,-400,-28,-100,-400,-1,-100,-600,-105,-63,-183.15175328792884
0,0,100,400,1,100,600,105,63,1,159.81064716329686
0,-200,0,0,0,0,0,0,0,0,-15.749208983201443
0,-200,0,0,0,0,0,0,0,0,-15.749208983201443
0,0,-29,0,0,0,0,0,0,0,-4.09724311274387
0,-200,0,0,0,0,0,0,0,0,-15.749208983201443
0,200,0,0,0,0,0,0,0,0,15.749208983201443
0,129,400,1,100,600,105,63,1,2000,309.8758993623818
0,-200,-129,-400,-1,-100,-600,-105,-63,-1,-179.6570992592422
0,-200,0,0,0,0,0,0,0,0,-15.749208983201443
0,129,400,1,100,600,105,63,1,2000,309.8758993623818
0,-200,-129,-400,-1,-100,-600,-105,-63,-1,-179.6570992592422
0,0,-1,-505,-10,-100,-15,-110,-10,-110,-116.58266373846793
0,26,0,0,0,0,0,0,0,0,2.0473971678161877
0,200,26,1,505,10,100,15,110,10,109.91881202120399
0,-200,0,0,0,0,0,0,0,0,-15.749208983201443
0,129,400,1,100,600,105,63,1,2000,309.8758993623818
0,-200,-129,-400,-1,-100,-600,-105,-63,-1,-179.6570992592422
0,-200,0,0,0,0,0,0,0,0,-15.749208983201443
0,129,400,1,100,600,105,63,1,2000,309.8758993623818
0,-200,-129,-400,-1,-100,-600,-105,-63,-1,-179.6570992592422
0,-200,0,0,0,0,0,0,0,0,-15.749208983201443
0,-200,0,0,0,0,0,0,0,0,-15.749208983201443
0,0,29,0,0,0,0,0,0,0,4.09724311274387
0,0,-27,-100,-400,-1,-100,-600,-105,-63,-151.5120510762589
0,200,0,0,0,0,0,0,0,0,15.749208983201443
-200,-50,0,0,0,0,0,0,0,0,-9.685872380960333
-200,0,0,0,0,0,0,0,0,0,-5.748570135159972
-200,0,0,0,0,0,0,0,0,0,-5.748570135159972
50,27,100,400,1,100,600,105,63,1,163.37393290981908
-200,-50,-27,-100,-400,-1,-100,-600,-105,-63,-161.19792345721925
0,-26,-1,-505,-10,-100,-15,-110,-10,-110,-118.6300609062841
0,0,200,0,0,0,0,0,0,0,28.256849053406004
0,-201,-505,-10,-100,-15,-110,-10,-110,-100,-131.04297879315928
0,0,28,505,10,100,15,110,10,110,120.39733836067772
0,0,-505,-10,-100,-15,-110,-10,-110,-100,-115.2150237650418
0,0,26,505,10,100,15,110,10,110,120.11476987014366
0,0,-505,-10,-100,-15,-110,-10,-110,-100,-115.2150237650418
0,30,201,505,10,100,15,110,10,110,147.20189413935412
200,1200,30,1,505,10,100,15,110,10,194.9785640534393
-200,0,0,0,0,0,0,0,0,0,-5.748570135159972
-1200,-30,-1,-505,-10,-100,-15,-110,-10,-110,-153.43646589690798
0,0,200,0,0,0,0,0,0,0,28.256849053406004
0,-201,-505,-10,-100,-15,-110,-10,-110,-100,-131.04297879315928
0,0,28,505,10,100,15,110,10,110,120.39733836067772
-200,0,0,0,0,0,0,0,0,0,-5.748570135159972
0,200,0,0,0,0,0,0,0,0,15.749208983201443
0,-200,0,0,0,0,0,0,0,0,-15.749208983201443
200,-200,0,0,0,0,0,0,0,0,-10.000638848041472
200,0,0,0,0,0,0,0,0,0,5.748570135159972
-200,0,0,0,0,0,0,0,0,0,-5.748570135159972
200,1200,1,28,505,10,100,15,110,10,195.33786206710613
50,27,100,400,1,100,600,105,63,1,163.37393290981908
0,-200,-27,-100,-400,-1,-100,-600,-105,-63,-167.26126005946037
0,-200,0,0,0,0,0,0,0,0,-15.749208983201443
0,0,100,400,1,100,600,105,63,1,159.81064716329686
0,0,-28,0,0,0,0,0,0,0,-3.9559588674768404
0,200,0,0,0,0,0,0,0,0,15.749208983201443
-200,-50,0,0,0,0,0,0,0,0,-9.685872380960333
-1200,-1,-28,-505,-10,-100,-15,-110,-10,-110,-154.96750521655355
0,200,1,28,505,10,100,15,110,10,110.84324701593894
0,-1,-28,-505,-10,-100,-15,-110,-10,-110,-120.47608440559374
0,0,200,28,505,10,100,15,110,10,123.20960284087647
0,0,0,-505,-10,-100,-15,-110,-10,-110,-116.4413794932009
0,27,1,200,505,10,100,15,110,10,125.60999879149347
0,-1,-200,-505,-10,-100,-15,-110,-10,-110,-144.77697459152287
0,0,28,0,0,0,0,0,0,0,3.9559588674768404
0,0,-28,-100,-400,-1,-100,-600,-105,-63,-151.65333532152596
0,200,1,0,0,0,0,0,0,0,15.890493228468474
0,0,100,400,1,100,600,105,63,1,159.81064716329686
0,0,-30,-100,-400,-1,-100,-600,-105,-63,-151.93590381206002
0,200,0,0,0,0,0,0,0,0,15.749208983201443
0,0,0,27,505,10,100,15,110,10,94.78769670871452
0,-200,0,0,0,0,0,0,0,0,-15.749208983201443
0,-1,-27,-505,-10,-100,-15,-110,-10,-110,-120.33480016032671
0,200,1,27,505,10,100,15,110,10,110.67818993718299
0,200,0,0,0,0,0,0,0,0,15.749208983201443
0,200,0,0,0,0,0,0,0,0,15.749208983201443
0,0,0,-505,-10,-100,-15,-110,-10,-110,-116.4413794932009
0,0,27,0,0,0,0,0,0,0,3.8146746222098105
0,-200,0,0,0,0,0,0,0,0,-15.749208983201443
200,1200,0,0,0,0,0,0,0,0,100.24382403436863
-1200,-28,-505,-10,-100,-15,-110,-10,-110,-100,-151.91133383364988
0,200,28,505,10,100,15,110,10,110,136.14654734387915
0,-28,-505,-10,-100,-15,-110,-10,-110,-100,-117.41991302269001
0,0,200,505,10,100,15,110,10,110,144.69822854660688
200,1200,28,0,0,0,0,0,0,0,104.19978290184548
-200,0,0,0,0,0,0,0,0,0,-5.748570135159972
-1200,-28,-505,-10,-100,-15,-110,-10,-110,-100,-151.91133383364988
0,200,0,0,0,0,0,0,0,0,15.749208983201443
0,0,-27,-30,-100,-400,-1,-100,-600,-105,-134.45933266202587
0,0,0,100,400,1,100,600,105,63,147.6973764540491
50,27,100,400,1,100,600,105,63,1,163.37393290981908
-200,-50,-27,-100,-400,-1,-100,-600,-105,-63,-161.19792345721925
0,200,28,505,10,100,15,110,10,110,136.14654734387915
0,0,0,0,0,0,0,39,0,0,3.528057853646162
0,0,0,0,0,0,0,-39,0,0,-3.528057853646162
0,200,0,0,0,0,0,0,0,0,15.749208983201443
0,0,0,0,0,0,0,39,0,0,3.528057853646162
0,0,0,0,0,0,0,61,0,0,5.518244335190151
50,27,100,400,1,100,500,105,63,1,154.51440226817147
-200,-50,-27,-100,-400,-1,-100,-500,-105,-63,-152.15162126838294
50,27,100,400,1,100,500,105,63,1,154.51440226817147
0,-200,0,0,0,0,0,0,0,0,-15.749208983201443
0,0,-27,0,0,0,0,0,0,0,-3.8146746222098105
0,0,30,1,505,10,100,15,110,10,94.73474001907066
0,27,0,0,0,0,0,0,0,0,2.126143212732195
0,0,-30,-100,-400,-1,-100,-500,-105,-63,-142.88960162322368
0,-200,0,0,0,0,0,0,0,0,-15.749208983201443
0,400,0,0,0,0,0,0,0,0,31.498417966402886
0,-200,0,0,0,0,0,0,0,0,-15.749208983201443
0,200,0,0,0,0,0,0,0,0,15.749208983201443
0,-200,0,0,0,0,0,0,0,0,-15.749208983201443
200,1200,0,0,0,0,0,0,0,0,100.24382403436863
0,-200,0,0,0,0,0,0,0,0,-15.749208983201443
0,200,0,0,0,0,0,0,0,0,15.749208983201443
0,-200,0,0,0,0,0,0,0,0,-15.749208983201443
-1200,-30,-1,-505,-10,-100,-15,-110,-10,-110,-153.43646589690798
0,200,30,1,505,10,100,15,110,10,110.48394900227211
0,200,0,0,0,0,0,0,0,0,15.749208983201443
0,-200,0,0,0,0,0,0,0,0,-15.749208983201443
200,1200,0,0,0,0,0,0,0,0,100.24382403436863
200,0,0,0,0,0,0,0,0,0,5.748570135159972
-1200,-30,-1,-505,-10,-100,-15,-110,-10,-110,-153.43646589690798
200,1200,30,1,505,10,100,15,110,10,194.9785640534393
0,-200,0,0,0,0,0,0,0,0,-15.749208983201443
200,0,0,0,0,0,0,0,0,0,5.748570135159972
0,200,0,0,0,0,0,0,0,0,15.749208983201443
0,-200,0,0,0,0,0,0,0,0,-15.749208983201443
0,0,-27,-30,-100,-400,-1,-100,-500,-105,-126.38727157748329
0,0,0,100,400,1,100,500,105,63,138.65107426521277
0,27,100,400,1,100,500,105,63,1,153.07725973438147
0,-200,-27,-100,-400,-1,-100,-500,-105,-63,-158.21495787062403
200,0,0,0,0,0,0,0,0,0,5.748570135159972
-1200,-30,-1,-505,-10,-100,-15,-110,-10,-110,-153.43646589690798
0,200,30,1,505,10,100,15,110,10,110.48394900227211
0,200,0,0,0,0,0,0,0,0,15.749208983201443
5,1200,400,30,1,505,10,100,15,110,234.4330868257362
0,0,100,400,1,100,500,105,63,1,150.95111652164928
0,0,-27,-100,-400,-1,-100,-500,-105,-63,-142.4657488874226
-200,-50,0,0,0,0,0,0,0,0,-9.685872380960333
50,27,100,400,1,100,500,105,63,1,154.51440226817147
0,-400,-27,-100,-400,-1,-100,-500,-105,-63,-173.96416685382547
-200,-50,0,0,0,0,0,0,0,0,-9.685872380960333
-200,0,0,0,0,0,0,0,0,0,-5.748570135159972
-200,0,0,0,0,0,0,0,0,0,-5.748570135159972
750,5,1200,400,30,1,505,10,100,15,316.54847572418635
200,0,0,0,0,0,0,0,0,0,5.748570135159972
50,27,100,400,1,100,500,105,63,1,154.51440226817147
-200,-50,-27,-100,-400,-1,-100,-500,-105,-63,-152.15162126838294
50,27,100,400,1,100,500,105,63,1,154.51440226817147
0,-200,-27,-100,-400,-1,-100,-500,-105,-63,-158.21495787062403
0,0,100,400,1,100,500,105,63,1,150.95111652164928
0,0,-29,0,0,0,0,0,0,0,-4.09724311274387
0,-200,0,0,0,0,0,0,0,0,-15.749208983201443
0,200,0,0,0,0,0,0,0,0,15.749208983201443
-400,-50,0,0,0,0,0,0,0,0,-15.434442516120304
0,0,0,-200,0,0,0,0,0,0,-33.011415751190434
0,0,200,1200,0,0,0,0,0,0,226.32534356054862
0,0,200,0,0,0,0,0,0,0,28.256849053406004
0,0,0,0,-1,-505,-10,-100,-15,-110,-78.32870820365798
0,0,26,400,1200,1,505,10,100,15,289.3898221112265
0,0,29,0,0,0,0,0,0,0,4.09724311274387
0,0,-27,-100,-400,-1,-100,-500,-105,-63,-142.4657488874226
200,0,0,0,0,0,0,0,0,0,5.748570135159972
50,27,100,400,1,100,500,105,63,1,154.51440226817147
0,-400,-27,-100,-400,-1,-100,-500,-105,-63,-173.96416685382547
0,0,100,400,1,100,500,105,63,1,150.95111652164928
0,0,0,-200,0,0,0,0,0,0,-33.011415751190434
0,0,200,26,0,0,0,0,0,0,32.54833310106076
-200,-50,0,0,0,0,0,0,0,0,-9.685872380960333
0,0,-30,-100,-400,-1,-100,-500,-105,-63,-142.88960162322368
50,30,100,400,1,100,500,105,63,1,154.7506404029195
0,-400,-30,-100,-400,-1,-100,-500,-105,-63,-174.38801958962657
0,0,100,400,1,100,500,105,63,1,150.95111652164928
0,0,-26,0,0,0,0,0,0,0,-3.6733903769427805
-200,126,400,1,100,500,105,63,1,2000,292.1822015353499
200,0,0,0,0,0,0,0,0,0,5.748570135159972
0,-400,-126,-400,-1,-100,-500,-105,-63,-1,-186.12292486499496
0,0,-26,-1200,-1,-505,-10,-100,-15,-110,-280.07059308774336
0,0,26,0,0,0,0,0,0,0,3.6733903769427805
0,0,-29,-100,-400,-1,-100,-500,-105,-63,-142.74831737795665
0,0,100,400,1,100,500,105,63,1,150.95111652164928
0,0,0,0,30,1,505,10,100,15,59.03368166993957
0,0,-1200,-30,-1,-505,-10,-100,-15,-110,-252.82151488677255
0,0,200,1200,30,1,505,10,100,15,285.3590252304882
0,0,0,0,29,30,1,505,10,100,61.273040852515365
0,0,0,0,0,-1,-505,-10,-100,-15,-54.914196578607175
0,0,200,0,0,0,0,0,0,0,28.256849053406004
0,0,200,0,0,0,0,0,0,0,28.256849053406004
100,0,0,0,0,0,0,0,0,0,2.874285067579986
0,0,-200,0,0,0,0,0,0,0,-28.256849053406004
0,0,400,0,0,0,0,0,0,0,56.51369810681201
0,0,-26,-100,-400,-1,-100,-500,-105,-63,-142.32446464215556
-100,0,0,0,0,0,0,0,0,0,-2.874285067579986
0,0,-1200,-29,-1,-505,-10,-100,-15,-110,-252.6564578080166
0,0,200,1200,29,1,505,10,100,15,285.22170906077713
0,26,100,400,1,100,500,105,63,1,152.99851368946548
0,-400,-26,-100,-400,-1,-100,-500,-105,-63,-173.82288260855844
0,0,200,0,0,0,0,0,0,0,28.256849053406004
0,0,0,0,-1,-505,-10,-100,-15,-110,-78.32870820365798
0,0,200,0,0,0,0,0,0,0,28.256849053406004
0,0,-200,0,0,0,0,0,0,0,-28.256849053406004
0,0,400,0,0,0,0,0,0,0,56.51369810681201
0,200,0,0,0,0,0,0,0,0,15.749208983201443
0,-200,0,0,0,0,0,0,0,0,-15.749208983201443
0,0,400,0,0,0,0,0,0,0,56.51369810681201
0,0,-200,0,0,0,0,0,0,0,-28.256849053406004
0,0,200,0,0,0,0,0,0,0,28.256849053406004
0,0,-200,0,0,0,0,0,0,0,-28.256849053406004
0,0,-1200,-1,-505,-10,-100,-15,-110,-10,-260.03730698149576
0,0,400,1200,1,505,10,100,15,110,332.91090081761257
0,200,0,0,0,0,0,0,0,0,15.749208983201443
0,-400,0,0,0,0,0,0,0,0,-31.498417966402886
0,0,400,0,0,0,0,0,0,0,56.51369810681201
0,0,400,0,0,0,0,0,0,0,56.51369810681201
0,0,0,0,29,1,505,10,100,15,58.896365500228484
0,26,100,400,1,100,500,105,63,1,152.99851368946548
0,-400,0,0,0,0,0,0,0,0,-31.498417966402886
0,-200,-26,-100,-400,-1,-100,-500,-105,-63,-158.073673625357
0,0,400,0,0,0,0,0,0,0,56.51369810681201
0,0,0,0,-1,-505,-10,-100,-15,-110,-78.32870820365798
0,0,0,29,0,0,0,0,0,0,4.786655283922613
0,26,100,400,1,100,500,105,63,1,152.99851368946548
0,0,-200,-100,-400,-1,-100,-500,-105,-63,-166.90792331861877
0,0,400,0,0,0,0,0,0,0,56.51369810681201
0,0,0,-29,0,0,0,0,0,0,-4.786655283922613
0,0,0,26,1200,1,505,10,100,15,223.98508427955767
0,200,100,400,1,100,500,105,63,1,166.70032550485075
0,0,-26,-1200,-1,-505,-10,-100,-15,-110,-280.07059308774336
0,0,200,26,1200,1,505,10,100,15,252.24193333296367
0,-200,0,0,0,0,0,0,0,0,-15.749208983201443
0,200,0,0,0,0,0,0,0,0,15.749208983201443
0,-200,0,0,0,0,0,0,0,0,-15.749208983201443
0,0,200,0,0,0,0,0,0,0,28.256849053406004
0,0,-200,0,0,0,0,0,0,0,-28.256849053406004
0,0,400,0,0,0,0,0,0,0,56.51369810681201
0,0,0,0,0,0,0,0,0,0,0.0
0,-200,0,0,0,0,0,0,0,0,-15.749208983201443
-5,-400,-26,-1200,-1,-505,-10,-100,-15,-110,-311.71272530752526
0,-26,-1200,-1,-505,-10,-100,-15,-110,-10,-262.08470414931196
0,200,26,1200,1,505,10,100,15,110,295.81980207094483
0,-200,0,0,0,0,0,0,0,0,-15.749208983201443
0,0,-28,-100,-400,-1,-100,-500,-105,-63,-142.60703313268962
0,0,-1200,-1,-505,-10,-100,-15,-110,-10,-260.03730698149576
0,28,0,0,0,0,0,0,0,0,2.204889257648202
0,200,28,1200,1,505,10,100,15,110,296.1023705614789
0,29,0,0,0,0,0,0,0,0,2.283635302564209
0,0,-1200,-1,-505,-10,-100,-15,-110,-10,-260.03730698149576
0,0,100,400,1,100,500,105,63,1,150.95111652164928
0,0,-30,-100,-400,-1,-100,-500,-105,-63,-142.88960162322368
0,200,0,0,0,0,0,0,0,0,15.749208983201443
0,30,100,400,1,100,500,105,63,1,153.3134978691295
0,-200,-30,-100,-400,-1,-100,-500,-105,-63,-158.63881060642512
0,0,100,400,1,100,500,105,63,1,150.95111652164928
0,-200,0,0,0,0,0,0,0,0,-15.749208983201443
0,-200,0,0,0,0,0,0,0,0,-15.749208983201443
0,0,-26,-100,-400,-1,-100,-500,-105,-63,-142.32446464215556
0,0,100,400,1,100,500,105,63,1,150.95111652164928
0,200,29,1200,1,505,10,100,15,110,296.24365480674595
0,0,-27,-100,-400,-1,-100,-500,-105,-63,-142.4657488874226
0,200,0,0,0,0,0,0,0,0,15.749208983201443
0,27,100,400,1,100,500,105,63,1,153.07725973438147
0,-200,-27,-100,-400,-1,-100,-500,-105,-63,-158.21495787062403
0,-200,0,0,0,0,0,0,0,0,-15.749208983201443
0,200,0,0,0,0,0,0,0,0,15.749208983201443
0,27,100,400,1,100,500,105,63,1,153.07725973438147
0,-200,-27,-100,-400,-1,-100,-500,-105,-63,-158.21495787062403
3,5,200,29,1200,1,505,10,100,15,253.21706334583897
0,0,0,0,0,0,0,0,0,0,0.0
0,0,0,0,0,0,0,0,0,0,0.0
0,0,0,0,0,0,0,0,0,0,0.0
0,0,0,0,0,0,0,0,0,0,0.0
0,0,0,0,0,0,0,0,0,0,0.0
48,0,0,0,0,0,0,0,0,0,1.3796568324383933
0,27,100,400,1,100,500,105,63,1,153.07725973438147
-5,-200,-29,-1200,-1,-505,-10,-100,-15,-110,-296.3873690601249
100,5,200,29,1200,1,505,10,100,15,256.00511986139156
0,-200,-27,-100,-400,-1,-100,-500,-105,-63,-158.21495787062403
0,-200,0,0,0,0,0,0,0,0,-15.749208983201443
0,-200,0,0,0,0,0,0,0,0,-15.749208983201443
0,0,200,0,0,0,0,0,0,0,28.256849053406004
0,0,200,0,0,0,0,0,0,0,28.256849053406004
0,0,100,400,1,100,500,105,63,1,150.95111652164928
0,0,-26,-100,-400,-1,-100,-500,-105,-63,-142.32446464215556
0,0,0,0,0,0,0,0,0,0,0.0
0,0,0,0,0,0,0,0,0,0,0.0
4,100,5,200,29,1200,1,505,10,100,239.9744615426938
0,100,100,5,200,29,1200,1,505,10,201.57572328399107
0,-100,-5,-200,-29,-1200,-1,-505,-10,-100,-239.8594901399906
723,4,100,5,200,29,1200,1,505,10,214.79718401065765
0,-100,-5,-200,-29,-1200,-1,-505,-10,-100,-239.8594901399906
0,-5,-200,-29,-1200,-1,-505,-10,-100,-15,-253.13083479381154
0,200,0,0,0,0,0,0,0,0,15.749208983201443
0,0,200,0,0,0,0,0,0,0,28.256849053406004
0,0,-200,0,0,0,0,0,0,0,-28.256849053406004
0,0,-29,-1200,-1,-505,-10,-100,-15,-110,-280.4944458235445
0,0,200,29,1200,1,505,10,100,15,252.73710456923152
0,0,200,0,0,0,0,0,0,0,28.256849053406004
0,0,0,-1200,-1,-505,-10,-100,-15,-110,-276.3972027108006
0,0,0,26,1200,1,505,10,100,15,223.98508427955767
0,0,100,400,1,100,500,105,63,1,150.95111652164928
0,0,0,0,-29,-1,-100,-500,-105,-63,-71.20106742680697
0,200,5,0,0,0,0,0,0,0,16.455630209536594
0,-200,0,0,0,0,0,0,0,0,-15.749208983201443
0,200,0,0,0,0,0,0,0,0,15.749208983201443
0,200,0,0,0,0,0,0,0,0,15.749208983201443
0,0,0,0,0,0,0,0,0,0,0.0
-200,0,0,0,0,0,0,0,0,0,-5.748570135159972
0,-5,-26,-1200,-1,-505,-10,-100,-15,-110,-280.4643233123234
0,-200,0,0,0,0,0,0,0,0,-15.749208983201443
0,200,5,26,1200,1,505,10,100,15,240.44071448909426
0,200,0,0,0,0,0,0,0,0,15.749208983201443
0,0,0,0,1,100,500,105,63,1,70.79986049256543
0,0,-28,-100,-400,-1,-100,-500,-105,-63,-142.60703313268962
0,0,100,400,1,100,500,105,63,1,150.95111652164928
0,0,0,0,-27,-1,-100,-500,-105,-63,-70.9264350873848
0,-5,-26,-1200,-1,-505,-10,-100,-15,-110,-280.4643233123234
0,400,0,0,0,0,0,0,0,0,31.498417966402886
0,200,5,26,1200,1,505,10,100,15,240.44071448909426
0,0,0,-1200,-1,-505,-10,-100,-15,-110,-276.3972027108006
0,0,0,29,1200,1,505,10,100,15,224.48025551582552
0,200,0,0,0,0,0,0,0,0,15.749208983201443
0,0,0,0,1,100,500,105,63,1,70.79986049256543
0,0,-30,-100,-400,-1,-100,-500,-105,-63,-142.88960162322368
0,0,100,400,1,100,500,105,63,1,150.95111652164928
0,0,0,0,-29,-1,-100,-500,-105,-63,-71.20106742680697
0,0,0,0,1,100,500,105,63,1,70.79986049256543
0,0,-26,-100,-400,-1,-100,-500,-105,-63,-142.32446464215556
0,0,100,400,1,100,500,105,63,1,150.95111652164928
0,0,0,0,-26,-1,-100,-500,-105,-63,-70.78911891767373
0,-5,-29,-1200,-1,-505,-10,-100,-15,-110,-280.88817604812454
0,200,5,29,1200,1,505,10,100,15,240.9358857253621
0,200,0,0,0,0,0,0,0,0,15.749208983201443
0,-5,-29,-1200,-1,-505,-10,-100,-15,-110,-280.88817604812454
0,400,0,0,0,0,0,0,0,0,31.498417966402886
0,0,0,0,1,100,500,105,63,1,70.79986049256543
0,0,0,0,-27,-1,-100,-500,-105,-63,-70.9264350873848
0,0,0,0,0,0,0,0,0,0,0.0
-100,0,0,0,0,0,0,0,0,0,-2.874285067579986
0,0,0,0,0,0,0,0,0,0,0.0
-405,-29,-1200,-1,-505,-10,-100,-15,-110,-10,-273.9617968077589
-124,-2,-400,-100,-400,-27,-1,-100,-500,-105,-191.88258901388537
0,-100,-2,-400,-100,-400,-27,-1,-100,-500,-181.2946650401087
0,-100,0,0,0,0,0,0,0,0,-7.874604491600722
0,-100,0,0,0,0,0,0,0,0,-7.874604491600722
0,-38,0,0,0,0,0,0,0,0,-2.992349706808274
0,100,0,0,0,0,0,0,0,0,7.874604491600722
-300,0,0,0,0,0,0,0,0,0,-8.622855202739958
0,100,0,0,0,0,0,0,0,0,7.874604491600722
0,100,0,0,0,0,0,0,0,0,7.874604491600722
0,-1200,-1,-505,-10,-100,-15,-110,-10,-110,-211.0779176376766
0,30,1200,1,505,10,100,15,110,10,262.39968832897597
100,5,30,1200,1,505,10,100,15,110,283.9037453609715
38,2,400,100,400,27,1,100,500,105,189.41070385576654
0,0,-1200,-1,-505,-10,-100,-15,-110,-10,-260.03730698149576
2,400,100,400,27,1,100,500,105,63,182.63359478422316
0,0,0,400,1,505,10,100,15,110,144.35153970603886
0,0,0,400,0,0,0,0,0,0,66.02283150238087
0,0,400,1200,0,0,0,0,0,0,254.58219261395462
0,0,0,27,1200,1,505,10,100,15,224.15014135831362
0,0,400,0,0,0,0,0,0,0,56.51369810681201
0,200,0,0,0,0,0,0,0,0,15.749208983201443
0,-200,0,0,0,0,0,0,0,0,-15.749208983201443
0,-200,0,0,0,0,0,0,0,0,-15.749208983201443
0,0,0,0,1,100,500,105,63,1,70.79986049256543
0,0,-30,-100,-400,-1,-100,-500,-105,-63,-142.88960162322368
0,0,0,-1200,-1,-505,-10,-100,-15,-110,-276.3972027108006
0,0,0,28,1200,1,505,10,100,15,224.31519843706957
0,200,5,0,0,0,0,0,0,0,16.455630209536594
-4,-2,-200,-30,-100,-400,-1,-100,-500,-105,-151.1019095012147
0,-5,-28,-1200,-1,-505,-10,-100,-15,-110,-280.74689180285753
2,200,30,100,400,1,100,500,105,63,158.69629630777672
0,200,5,28,1200,1,505,10,100,15,240.77082864660616
0,0,0,0,0,0,0,0,0,0,0.0
-200,-5,-28,-1200,-1,-505,-10,-100,-15,-110,-286.49546193801746
-100,-2,-200,-30,-100,-400,-1,-100,-500,-105,-153.8612231660915
0,-100,-2,-200,-30,-100,-400,-1,-100,-500,-136.59049803111665
0,-25,-100,-2,-200,-30,-100,-400,-1,-100,-99.72712821956924
0,0,-100,0,0,0,0,0,0,0,-14.128424526703002
-5,-28,-1300,-1,-505,-10,-100,-15,-110,-10,-276.51433501922594
0,-30,0,0,0,0,0,0,0,0,-2.3623813474802167
0,0,100,-30,-2,-200,-30,-100,-400,-1,-58.58009078509891
55,200,30,2,200,30,100,400,1,100,105.19864569834739
25,0,0,0,0,0,0,0,0,0,0.7185712668949965
0,100,0,0,0,0,0,0,0,0,7.874604491600722
-100,-30,-100,-30,-2,-200,-30,-100,-400,-1,-92.07360625356512
0,0,30,2,200,30,100,400,1,100,87.86857992797695
-7,0,0,0,0,0,0,0,0,0,-0.20119995473059904
100,0,0,0,0,0,0,0,0,0,2.874285067579986
30,30,2,200,30,100,400,1,100,500,131.94056040727014
0,0,400,1200,1,505,10,100,15,110,332.91090081761257
0,-400,-1200,-1,-505,-10,-100,-15,-110,-10,-291.53572494789864
0,0,29,1200,1,505,10,100,15,110,280.4944458235445
0,2,200,30,100,400,1,100,500,105,150.9869380985115
2,200,30,100,400,1,100,500,105,63,158.69629630777672
0,-29,-1200,-1,-505,-10,-100,-15,-110,-10,-262.32094228406
0,0,0,400,1,505,10,100,15,110,144.35153970603886
0,0,-29,-30,-100,-400,-1,-100,-500,-105,-126.66984006801735
0,0,0,100,400,1,100,500,105,63,138.65107426521277
0,29,100,400,1,100,500,105,63,1,153.2347518242135
0,0,-200,-100,-400,-1,-100,-500,-105,-63,-166.90792331861877
0,0,100,400,1,100,500,105,63,1,150.95111652164928
0,0,-400,-100,-400,-1,-100,-500,-105,-63,-195.1647723720248
0,400,100,400,1,100,500,105,63,1,182.44953448805217
0,-1200,-400,-1,-505,-10,-100,-15,-110,-10,-241.50516466708044
0,0,0,0,27,505,10,100,15,110,81.89892861614604
0,-200,0,0,0,0,0,0,0,0,-15.749208983201443
0,0,0,27,0,0,0,0,0,0,4.456541126410709
0,0,0,0,-505,-10,-100,-15,-110,-10,-90.33115558230381
0,0,-26,-100,-400,-1,-100,-500,-105,-63,-142.32446464215556
0,400,1200,0,0,0,0,0,0,0,201.03951228683889
0,-200,0,0,0,0,0,0,0,0,-15.749208983201443
0,-200,0,0,0,0,0,0,0,0,-15.749208983201443
0,400,0,0,0,0,0,0,0,0,31.498417966402886
0,0,100,400,1,100,500,105,63,1,150.95111652164928
0,0,-27,-100,-400,-1,-100,-500,-105,-63,-142.4657488874226
0,200,0,0,0,0,0,0,0,0,15.749208983201443
-200,-2,0,0,0,0,0,0,0,0,-5.906062224991986
0,-1200,-28,-505,-10,-100,-15,-110,-10,-110,-214.8925922598864
0,0,400,28,505,10,100,15,110,10,151.46645189428247
0,200,1200,0,0,0,0,0,0,0,185.29030330363744
-200,0,0,0,0,0,0,0,0,0,-5.748570135159972
-6,-400,-2,-27,-100,-400,-1,-100,-500,-105,-154.03086927999738
0,-1200,-28,-505,-10,-100,-15,-110,-10,-110,-214.8925922598864
400,2,27,100,400,1,100,500,105,63,154.12038124757456
0,0,0,400,505,10,100,15,110,10,156.3539870846847
0,0,0,0,0,27,10,100,15,110,22.222899950894956
0,0,-27,0,0,0,0,0,0,0,-3.8146746222098105
0,0,0,200,0,0,0,0,0,0,33.011415751190434
0,0,200,1,0,0,0,0,0,0,28.421906132161958
0,0,200,0,0,0,0,0,0,0,28.256849053406004
0,0,-200,0,0,0,0,0,0,0,-28.256849053406004
0,200,1200,0,0,0,0,0,0,0,185.29030330363744
0,0,0,0,0,-10,-100,-15,-110,-10,-20.98648987820853
0,0,0,30,0,0,0,0,0,0,4.951712362678566
0,0,100,400,1,100,500,105,63,1,150.95111652164928
0,-29,-2,-100,-400,-1,-100,-500,-105,-63,-141.21727805831105
0,2,100,400,1,100,500,105,63,1,151.10860861148132
0,0,-27,-100,-400,-1,-100,-500,-105,-63,-142.4657488874226
100,0,0,0,0,0,0,0,0,0,2.874285067579986
0,0,100,400,1,100,500,105,63,1,150.95111652164928
0,-28,-2,-100,-400,-1,-100,-500,-105,-63,-141.13853201339504
0,2,100,400,1,100,500,105,63,1,151.10860861148132
0,0,-26,-100,-400,-1,-100,-500,-105,-63,-142.32446464215556
0,0,100,400,1,100,500,105,63,1,150.95111652164928
0,-29,-2,-100,-400,-1,-100,-500,-105,-63,-141.21727805831105
0,2,100,400,1,100,500,105,63,1,151.10860861148132
0,0,-26,-100,-400,-1,-100,-500,-105,-63,-142.32446464215556
0,0,100,400,1,100,500,105,63,1,150.95111652164928
0,-27,-2,-100,-400,-1,-100,-500,-105,-63,-141.05978596847905
0,0,0,0,0,0,0,0,0,0,0.0
2,0,0,0,0,0,0,0,0,0,0.05748570135159972
0,100,200,1200,31,505,10,100,15,110,316.64814134713976
-2,0,0,0,0,0,0,0,0,0,-0.05748570135159972
200,0,0,0,0,0,0,0,0,0,5.748570135159972
27,2,100,400,1,100,500,105,63,1,151.88466557972788
0,-200,-1200,-31,-505,-10,-100,-15,-110,-10,-280.73822832737574
0,100,200,1200,31,505,10,100,15,110,316.64814134713976
0,-200,-1200,-31,-505,-10,-100,-15,-110,-10,-280.73822832737574
-200,-27,-2,-100,-400,-1,-100,-500,-105,-63,-146.808356103639
27,2,100,400,1,100,500,105,63,1,151.88466557972788
2,100,400,1,100,500,105,63,1,2000,295.94086020404535
0,-200,-100,-400,-1,-100,-500,-105,-63,-1,-166.70032550485075
0,-200,0,0,0,0,0,0,0,0,-15.749208983201443
0,-1200,-31,-505,-10,-100,-15,-110,-10,-110,-215.3164449956875
0,200,1200,31,505,10,100,15,110,10,280.73822832737574
1,105,200,1200,31,505,10,100,15,110,317.0706144223955
0,0,-27,-100,-400,-1,-100,-500,-105,-63,-142.4657488874226
0,0,0,0,0,0,0,0,0,0,0.0
-105,-200,-1200,-31,-505,-10,-100,-15,-110,-10,-283.75622764833474
-38,-2,-400,-27,-100,-400,-1,-100,-500,-105,-179.84084424133005
-26,0,0,0,0,0,0,0,0,0,-0.7473141175707964
0,-26,-2,-400,-27,-100,-400,-1,-100,-500,-163.3627579493893
38,0,0,0,0,0,0,0,0,0,1.0922283256803946
0,2,400,27,100,400,1,100,500,105,178.74861591564965
2,400,27,100,400,1,100,500,105,63,174.02165255517707
-200,-2,-400,-27,-100,-400,-1,-100,-500,-105,-184.4971860508096
0,0,0,100,400,1,100,500,105,63,138.65107426521277
0,0,0,-30,0,0,0,0,0,0,-4.951712362678566
1,105,200,1200,1,505,10,100,15,110,312.95112933106316
0,-7,-2,-400,-100,-400,-1,-100,-500,-105,-184.4775068999219
0,0,0,200,0,0,0,0,0,0,33.011415751190434
0,0,0,-400,0,0,0,0,0,0,-66.02283150238087
0,2,400,100,400,1,100,500,105,63,195.3222644618568
100,1,105,200,1200,1,505,10,100,15,270.49289284862755
0,0,0,-1200,-1,-505,-10,-100,-15,-110,-276.3972027108006
0,0,0,0,200,1,505,10,100,15,82.37743052082313
0,0,0,0,200,0,0,0,0,0,27.463233942215954
0,0,0,0,-200,0,0,0,0,0,-27.463233942215954
0,0,0,400,1200,0,0,0,0,0,230.8022351556766
0,0,0,-1200,-1,-505,-10,-100,-15,-110,-276.3972027108006
0,0,0,0,200,1,505,10,100,15,82.37743052082313
0,0,0,0,200,0,0,0,0,0,27.463233942215954
0,0,0,0,-200,0,0,0,0,0,-27.463233942215954
0,0,0,400,1200,0,0,0,0,0,230.8022351556766
0,-7,-2,-400,-100,-400,-1,-100,-500,-105,-184.4775068999219
0,0,0,200,0,0,0,0,0,0,33.011415751190434
0,0,0,-1200,-1,-505,-10,-100,-15,-110,-276.3972027108006
0,0,0,200,1200,1,505,10,100,15,252.70501598309335
0,0,-400,100,400,1,100,500,105,63,82.13737615840077
0,0,-400,-2,-100,-400,-1,-100,-500,-105,-174.46469685691883
4,100,1,105,200,1200,1,505,10,100,247.20996710040484
-100,-1,-105,-200,-1200,-1,-505,-10,-100,-15,-270.49289284862755
0,0,0,0,0,0,0,0,0,0,0.0
0,0,0,0,0,0,0,0,0,0,0.0
0,0,0,0,0,0,0,0,0,0,0.0
0,0,0,0,0,0,0,0,0,0,0.0
79,0,0,0,0,0,0,0,0,0,2.270685203388189
0,0,2,100,400,1,100,500,105,63,138.93364275574683
0,0,-200,0,0,0,0,0,0,0,-28.256849053406004
0,0,-200,0,0,0,0,0,0,0,-28.256849053406004
0,402,100,400,1,100,500,105,63,60,186.85418735908925
0,0,0,0,0,0,0,0,-7,-63,-5.100148160933533
0,0,0,200,0,0,0,0,0,0,33.011415751190434
0,0,0,200,0,0,0,0,0,0,33.011415751190434
0,0,0,-1200,-1,-505,-10,-100,-15,-110,-276.3972027108006
0,0,0,200,1200,1,505,10,100,15,252.70501598309335
0,1,0,0,0,0,0,0,0,0,0.07874604491600722
0,0,0,0,0,0,0,0,63,60,9.404545040419492
0,0,0,200,0,0,0,0,0,0,33.011415751190434
0,0,0,200,0,0,0,0,0,0,33.011415751190434
0,0,-7,-100,-400,-1,-100,-500,-105,-63,-139.64006398208198
100,100,2,105,200,1200,1,505,10,100,250.11056501054867
0,200,0,0,0,0,0,0,0,0,15.749208983201443
0,200,0,0,0,0,0,0,0,0,15.749208983201443
0,0,-200,-7,-100,-400,-1,-100,-500,-105,-147.03313319729259
0,0,0,0,200,0,0,0,0,0,27.463233942215954
0,-2,-105,-200,-1200,-1,-505,-10,-100,-15,-267.69735382596355
0,0,7,100,400,1,100,500,105,63,139.64006398208198
0,0,-200,-7,-100,-400,-1,-100,-500,-105,-147.03313319729259
0,0,-200,0,0,0,0,0,0,0,-28.256849053406004
0,0,200,0,0,0,0,0,0,0,28.256849053406004
0,0,-200,0,0,0,0,0,0,0,-28.256849053406004
0,0,0,200,0,0,0,0,0,0,33.011415751190434
0,-15,0,0,0,0,0,0,0,0,-1.1811906737401083
0,0,0,100,400,1,100,500,105,63,138.65107426521277
0,0,0,-1200,-1,-505,-10,-100,-15,-110,-276.3972027108006
0,0,0,200,1200,1,505,10,100,15,252.70501598309335
0,0,0,0,0,0,0,-7,0,0,-0.633241153218542
0,0,0,-1200,-1,-505,-10,-100,-15,-110,-276.3972027108006
0,0,0,200,1200,1,505,10,100,15,252.70501598309335
0,0,-200,0,0,0,0,0,0,0,-28.256849053406004
0,0,200,0,0,0,0,0,0,0,28.256849053406004
0,-200,100,400,1,100,507,105,63,60,140.06923546456827
0,0,0,200,0,0,0,0,0,0,33.011415751190434
0,200,0,0,0,0,0,0,0,0,15.749208983201443
0,0,-200,-100,-400,-1,-100,-507,-105,-63,-167.54116447183733
0,0,0,200,0,0,0,0,0,0,33.011415751190434
0,0,-200,0,0,0,0,0,0,0,-28.256849053406004
0,0,0,0,0,0,0,7,0,0,0.633241153218542
-10,0,0,0,0,0,0,0,0,0,-0.2874285067579986
0,0,0,-1200,-1,-505,-10,-100,-15,-110,-276.3972027108006
10,0,0,0,0,0,0,0,0,0,0.2874285067579986
0,0,0,200,1200,1,505,10,100,15,252.70501598309335
0,0,0,0,0,0,0,-7,0,0,-0.633241153218542
0,0,0,-1200,-1,-505,-10,-100,-15,-110,-276.3972027108006
0,0,0,400,1200,1,505,10,100,15,285.7164317342838
0,0,100,400,1,100,507,105,63,60,155.81844444776968
0,0,-400,-100,-400,-1,-100,-507,-105,-63,-195.79801352524333
0,0,0,400,0,0,0,0,0,0,66.02283150238087
0,0,-400,0,0,0,0,0,0,0,-56.51369810681201
0,0,0,0,0,0,0,7,0,0,0.633241153218542
0,0,0,0,0,0,0,0,0,0,0.0
-2,-105,-400,-1200,-1,-505,-10,-100,-15,-110,-341.23672123514496
100,2,105,400,1200,1,505,10,100,15,303.5830546447339
-100,-121,-17,-400,-100,-400,-1,-100,-500,-105,-198.44810476693215
0,-200,-100,-121,-17,-400,-100,-400,-1,-100,-151.3435107560594
0,0,-100,0,0,0,0,0,0,0,-14.128424526703002
0,0,-100,0,0,0,0,0,0,0,-14.128424526703002
0,300,121,17,400,100,400,1,100,500,189.75406958185494
0,-23,-300,-121,-17,-400,-100,-400,-1,-100,-165.66230985933214
23,300,121,17,400,100,400,1,100,500,190.41515514739834
0,100,0,0,0,0,0,0,0,0,7.874604491600722
0,100,-23,-121,-17,-400,-100,-400,-1,-100,-116.84081039569594
0,0,0,0,0,0,0,0,0,0,0.0
-50,0,0,0,0,0,0,0,0,0,-1.437142533789993
100,0,0,0,0,0,0,0,0,0,2.874285067579986
0,0,0,0,0,0,0,0,0,0,0.0
-50,0,0,0,0,0,0,0,0,0,-1.437142533789993
0,0,0,-200,0,0,0,0,0,0,-33.011415751190434
0,0,0,-1200,-1,-505,-10,-100,-15,-110,-276.3972027108006
0,23,121,17,400,100,400,1,100,500,167.94141514012094
0,0,0,0,0,0,0,0,0,0,0.0
-5,0,0,0,0,0,0,0,0,0,-0.1437142533789993
100,0,0,0,0,0,0,0,0,0,2.874285067579986
0,0,0,200,1200,1,505,10,100,15,252.70501598309335
0,0,0,200,0,0,0,0,0,0,33.011415751190434
0,121,17,400,100,400,1,100,500,105,195.57381969935216
121,17,400,100,400,1,100,500,105,63,199.9813400673687
0,-7,-17,-400,-100,-400,-1,-100,-500,-105,-186.59677057892736
0,0,0,100,400,1,100,500,105,63,138.65107426521277
0,0,0,-400,-100,-400,-1,-100,-500,-105,-183.6437160949758
0,0,0,-200,0,0,0,0,0,0,-33.011415751190434
0,0,0,400,0,0,0,0,0,0,66.02283150238087
0,0,0,400,0,0,0,0,0,0,66.02283150238087
0,0,0,-1200,-1,-505,-10,-100,-15,-110,-276.3972027108006
0,0,0,400,1200,1,505,10,100,15,285.7164317342838
0,0,0,400,0,0,0,0,0,0,66.02283150238087
0,0,0,-200,0,0,0,0,0,0,-33.011415751190434
100,0,0,0,0,0,0,0,0,0,2.874285067579986
0,0,-200,-17,0,0,0,0,0,0,-31.06281939225719
0,0,0,200,0,0,0,0,0,0,33.011415751190434
0,200,17,100,400,1,100,500,105,63,156.80211541795373
200,17,100,400,1,100,500,105,63,60,162.28553020158643
0,0,0,0,0,0,0,0,0,0,0.0
0,0,0,0,0,0,0,0,0,0,0.0
-7,-200,-17,-100,-400,-1,-100,-500,-105,-63,-157.00331537268434
0,0,0,-200,0,0,0,0,0,0,-33.011415751190434
0,200,0,-1200,-1,-505,-10,-100,-15,-110,-260.64799372759916
0,-200,0,0,0,0,0,0,0,0,-15.749208983201443
0,0,0,400,1200,1,505,10,100,15,285.7164317342838
200,17,100,400,1,100,500,105,63,60,162.28553020158643
0,0,0,-1200,-1,-505,-10,-100,-15,-110,-276.3972027108006
0,0,0,200,1200,1,505,10,100,15,252.70501598309335
-7,0,0,0,0,0,0,0,0,0,-0.20119995473059904
0,0,0,200,0,0,0,0,0,0,33.011415751190434
0,0,0,200,0,0,0,0,0,0,33.011415751190434
7,0,0,0,0,0,0,0,0,0,0.20119995473059904
17,100,400,1,100,500,105,63,60,1,157.23495287475947
0,-400,-100,-400,-1,-100,-500,-105,-63,-60,-186.69669526925722
0,0,0,0,0,0,-7,0,0,0,-0.6201671449153311
0,0,0,-200,0,0,0,0,0,0,-33.011415751190434
0,0,0,400,0,0,0,0,0,0,66.02283150238087
0,-200,0,0,0,0,0,0,0,0,-15.749208983201443
0,0,0,400,0,0,0,0,0,0,66.02283150238087
0,0,0,-200,0,0,0,0,0,0,-33.011415751190434
0,-200,0,0,0,0,0,0,0,0,-15.749208983201443
0,200,0,0,0,0,0,0,0,0,15.749208983201443
0,100,400,1,100,507,105,63,60,1,157.56594668226955
0,0,0,0,0,7,0,0,0,0,0.8196222689986686
0,100,2,105,200,1200,1,505,10,100,247.23627994296868
0,-2,-105,-200,-1200,-1,-505,-10,-100,-15,-267.69735382596355
0,-400,-100,-400,-1,-100,-500,-105,-63,-60,-186.69669526925722
0,-400,0,0,0,0,0,0,0,0,-31.498417966402886
0,100,400,1,100,500,105,63,60,1,156.74632441327088
0,-200,-100,-400,-1,-100,-500,-105,-63,-60,-170.9474862860558
0,100,400,1,100,500,105,63,60,1,156.74632441327088
0,-200,-100,-400,-1,-100,-500,-105,-63,-60,-170.9474862860558
0,-200,0,0,0,0,0,0,0,0,-15.749208983201443
0,200,0,0,0,0,0,0,0,0,15.749208983201443
0,-200,0,0,0,0,0,0,0,0,-15.749208983201443
0,0,0,0,0,0,-7,-500,-105,-63,-58.862446112882154
0,0,0,-1200,-1,-505,-10,-100,-15,-110,-276.3972027108006
0,0,0,400,1200,1,505,10,100,15,285.7164317342838
0,-200,0,0,0,0,0,0,0,0,-15.749208983201443
0,100,400,1,100,7,500,105,63,60,142.30541446421088
0,-200,-100,-400,-1,-100,-7,-500,-105,-63,-166.6091168520024
0,0,0,400,0,0,0,0,0,0,66.02283150238087
0,100,400,1,100,7,500,105,63,60,142.30541446421088
4,295,2,105,400,1200,1,505,10,100,290.1699640465092
100,0,0,0,0,0,0,0,0,0,2.874285067579986
-100,0,0,0,0,0,0,0,0,0,-2.874285067579986
0,0,0,0,0,500,105,63,60,1,78.4613477649942
-295,-2,-105,-400,-1200,-1,-505,-10,-100,-15,-309.1879105265149
0,0,0,0,0,0,0,0,0,0,0.0
0,0,0,0,0,0,0,0,0,0,0.0
0,-200,-100,-400,-1,-100,-500,-105,-63,-60,-170.9474862860558
0,-200,0,0,0,0,0,0,0,0,-15.749208983201443
0,200,0,0,0,0,0,0,0,0,15.749208983201443
0,-200,0,0,0,0,0,0,0,0,-15.749208983201443
0,0,0,0,0,0,-7,0,0,0,-0.6201671449153311
100,295,2,105,400,1200,1,505,10,100,292.929277711386
-295,-2,-105,-400,-1200,-1,-505,-10,-100,-15,-309.1879105265149
0,200,0,-1200,-1,-505,-10,-100,-15,-110,-260.64799372759916
0,200,2,105,1200,1,505,10,100,15,253.05637097501338
0,0,0,0,0,0,7,0,0,0,0.6201671449153311
0,0,-7,-100,-400,-1,-100,-500,-105,-63,-139.64006398208198
0,0,100,400,1,100,500,105,63,60,155.19827730285434
-100,0,0,0,0,0,0,0,0,0,-2.874285067579986
0,0,-7,-100,-400,-1,-100,-500,-105,-63,-139.64006398208198
0,-200,0,0,0,0,0,0,0,0,-15.749208983201443
0,200,0,0,0,0,0,0,0,0,15.749208983201443
0,-200,0,0,0,0,0,0,0,0,-15.749208983201443
0,-2,-105,-1200,-1,-505,-10,-100,-15,-110,-291.38954055367077
0,0,0,400,1200,1,505,10,100,15,285.7164317342838
0,0,0,400,0,0,0,0,0,0,66.02283150238087
0,200,0,0,0,0,0,0,0,0,15.749208983201443
0,7,100,400,1,100,500,105,63,60,155.7494996172664
0,-400,0,0,0,0,0,0,0,0,-31.498417966402886
0,0,0,400,0,0,0,0,0,0,66.02283150238087
0,0,0,-200,0,0,0,0,0,0,-33.011415751190434
0,0,200,-1200,-1,-505,-10,-100,-15,-110,-248.1403536573946
0,0,-200,0,0,0,0,0,0,0,-28.256849053406004
0,0,0,200,1200,1,505,10,100,15,252.70501598309335
0,-400,-7,-100,-400,-1,-100,-500,-105,-63,-171.13848194848487
0,0,0,200,0,0,0,0,0,0,33.011415751190434
0,0,0,-200,0,0,0,0,0,0,-33.011415751190434
0,200,2,105,0,0,0,0,0,0,33.36277074311048
0,-2,-105,-1200,-1,-505,-10,-100,-15,-110,-291.38954055367077
0,0,0,400,1200,1,505,10,100,15,285.7164317342838
0,200,2,105,0,0,0,0,0,0,33.36277074311048
0,0,0,0,0,0,0,0,0,0,0.0
-110,-17,-400,-7,-100,-400,-1,-100,-500,-105,-179.7903785886087
-100,0,0,0,0,0,0,0,0,0,-2.874285067579986
0,-2,-105,-1200,-1,-505,-10,-100,-15,-110,-291.38954055367077
100,0,0,0,0,0,0,0,0,0,2.874285067579986
17,400,7,100,400,1,100,500,105,63,171.62711040997348
0,0,100,400,1,100,500,105,63,60,155.19827730285434
0,0,0,400,1200,1,505,10,100,15,285.7164317342838
0,0,0,200,0,0,0,0,0,0,33.011415751190434
0,-400,0,0,0,0,0,0,0,0,-31.498417966402886
0,0,-7,-100,-400,-1,-100,-500,-105,-63,-139.64006398208198
0,-200,0,0,0,0,0,0,0,0,-15.749208983201443
-200,7,100,400,1,100,500,105,63,60,150.00092948210644
-200,-17,-7,-100,-400,-1,-100,-500,-105,-63,-146.7273168808141
0,200,0,-1200,-1,-505,-10,-100,-15,-110,-260.64799372759916
0,-200,0,0,0,0,0,0,0,0,-15.749208983201443
0,0,0,400,1200,1,505,10,100,15,285.7164317342838
0,0,0,0,0,0,0,0,0,0,0.0
-85,0,0,0,0,0,0,0,0,0,-2.4431423074429883
-2,-105,-400,-1200,-1,-505,-10,-100,-15,-110,-341.23672123514496
100,2,105,400,1200,1,505,10,100,15,303.5830546447339
-100,-200,-17,-7,-100,-400,-1,-100,-500,-105,-139.8016103642075
0,-130,-100,-200,-17,-7,-100,-400,-1,-100,-112.85486087416244
-100,0,0,0,0,0,0,0,0,0,-2.874285067579986
0,0,-100,0,0,0,0,0,0,0,-14.128424526703002
0,-26,0,0,0,0,0,0,0,0,-2.0473971678161877
0,0,0,0,0,0,0,0,0,0,0.0
-2,-105,-400,-1200,-1,-505,-10,-100,-15,-110,-341.23672123514496
0,0,0,0,0,0,0,0,0,0,0.0
0,130,0,0,0,0,0,0,0,0,10.236985839080939
0,0,-100,0,0,0,0,0,0,0,-14.128424526703002
100,2,105,400,1200,1,505,10,100,15,303.5830546447339
0,0,0,-26,-200,-17,-7,-100,-400,-1,-75.77192866245633
0,0,0,-1200,-1,-505,-10,-100,-15,-110,-276.3972027108006
100,0,0,0,0,0,0,0,0,0,2.874285067579986
26,300,26,200,17,7,100,400,1,100,116.53396847769424
-26,-26,-300,-26,-200,-17,-7,-100,-400,-1,-120.95191352795233
0,0,0,0,0,0,0,0,0,0,0.0
-50,0,0,0,0,0,0,0,0,0,-1.437142533789993
100,0,0,0,0,0,0,0,0,0,2.874285067579986
0,0,0,0,0,0,0,0,0,0,0.0
-50,0,0,0,0,0,0,0,0,0,-1.437142533789993
-50,0,0,0,0,0,0,0,0,0,-1.437142533789993
0,0,100,0,0,0,0,0,0,0,14.128424526703002
100,0,100,0,0,0,0,0,0,0,17.002709594282987
0,0,0,0,0,0,0,0,0,0,0.0
-50,0,0,0,0,0,0,0,0,0,-1.437142533789993
0,0,26,200,17,7,100,400,1,100,92.16284088532129
0,0,200,17,7,100,400,1,100,500,123.3264567866938
26,200,17,7,100,400,1,100,500,105,137.67463941419834
0,0,0,200,1200,1,505,10,100,15,252.70501598309335
200,17,7,100,400,1,100,500,105,63,146.7273168808141
0,0,0,0,0,0,0,0,0,0,0.0
-50,0,0,0,0,0,0,0,0,0,-1.437142533789993
100,0,0,0,0,0,0,0,0,0,2.874285067579986
0,0,0,-1200,-1,-505,-10,-100,-15,-110,-276.3972027108006
0,0,0,0,400,0,0,0,0,0,54.92646788443191
-200,0,0,0,0,0,0,0,0,0,-5.748570135159972
200,0,0,0,0,0,0,0,0,0,5.748570135159972
-400,0,0,0,0,0,0,0,0,0,-11.497140270319944
17,7,100,400,1,100,500,105,63,60,156.238128078755
-200,-17,-7,-100,-400,-1,-100,-500,-105,-63,-146.7273168808141
0,0,0,200,1200,1,505,10,100,15,252.70501598309335
17,7,100,400,1,100,500,105,63,60,156.238128078755
-200,-17,-7,-100,-400,-1,-100,-500,-105,-63,-146.7273168808141
0,0,0,200,0,0,0,0,0,0,33.011415751190434
0,0,0,-200,0,0,0,0,0,0,-33.011415751190434
0,0,0,400,0,0,0,0,0,0,66.02283150238087
0,200,0,-1200,-1,-505,-10,-100,-15,-110,-260.64799372759916
0,0,0,0,0,0,0,0,0,0,0.0
-3,0,0,0,0,0,0,0,0,0,-0.08622855202739958
0,-200,0,0,0,0,0,0,0,0,-15.749208983201443
0,0,0,200,1200,1,505,10,100,15,252.70501598309335
0,0,0,-1200,-1,-505,-10,-100,-15,-110,-276.3972027108006
0,0,0,0,400,0,0,0,0,0,54.92646788443191
-200,0,0,0,0,0,0,0,0,0,-5.748570135159972
200,0,0,0,0,0,0,0,0,0,5.748570135159972
-200,0,0,0,0,0,0,0,0,0,-5.748570135159972
17,7,100,400,1,100,500,105,63,60,156.238128078755
-200,-17,-7,-100,-400,-1,-100,-500,-105,-63,-146.7273168808141
0,0,0,400,1200,1,505,10,100,15,285.7164317342838
0,0,0,0,0,0,0,0,0,0,0.0
-30,0,0,0,0,0,0,0,0,0,-0.8622855202739959
0,0,0,-1200,-1,-505,-10,-100,-15,-110,-276.3972027108006
0,0,100,400,1,100,500,105,63,60,155.19827730285434
0,0,0,200,1200,1,505,10,100,15,252.70501598309335
0,0,0,200,0,0,0,0,0,0,33.011415751190434
0,0,0,200,0,0,0,0,0,0,33.011415751190434
17,100,400,1,100,500,105,63,60,1,157.23495287475947
0,-200,-100,-400,-1,-100,-500,-105,-63,-60,-170.9474862860558
0,0,0,200,0,0,0,0,0,0,33.011415751190434
-200,100,400,1,100,500,105,63,60,1,150.9977542781109
0,0,0,0,0,0,0,0,0,0,0.0
-17,0,0,0,0,0,0,0,0,0,-0.4886284614885976
-2,-105,-200,-1200,-1,-505,-10,-100,-15,-110,-312.9798721817389
100,2,105,200,1200,1,505,10,100,15,270.57163889354354
-100,-217,-100,-400,-1,-100,-500,-105,-63,-60,-175.16045411720788
0,-135,-217,-100,-400,-1,-100,-500,-105,-63,-179.94047155181926
0,0,-100,-217,-100,-400,-1,-100,-500,-105,-167.56669520933954
0,0,-200,0,0,0,0,0,0,0,-28.256849053406004
0,300,217,100,400,1,100,500,105,63,192.93356896296046
0,-27,-300,-217,-100,-400,-1,-100,-500,-105,-197.94968747547773
0,0,0,-27,-217,-100,-400,-1,-100,-500,-125.55657416017405
27,300,27,217,100,400,1,100,500,105,181.65281574789512
0,0,0,-1200,-1,-505,-10,-100,-15,-110,-276.3972027108006
0,100,0,0,0,0,0,0,0,0,7.874604491600722
0,100,0,0,0,0,0,0,0,0,7.874604491600722
0,27,217,100,400,1,100,500,105,63,171.4358987008905
0,217,100,400,1,100,500,105,63,60,172.2861690496279
0,0,0,200,1200,1,505,10,100,15,252.70501598309335
217,100,400,1,100,500,105,63,60,1,162.98352300991945
-7,-217,-100,-400,-1,-100,-500,-105,-63,-60,-172.4873690043585
0,0,0,200,0,0,0,0,0,0,33.011415751190434
0,200,0,0,0,0,0,0,0,0,15.749208983201443
0,0,-200,-100,-400,-1,-100,-500,-105,-63,-166.90792331861877
0,0,100,400,1,100,500,105,63,60,155.19827730285434
0,0,-200,-100,-400,-1,-100,-500,-105,-63,-166.90792331861877
0,0,-200,0,0,0,0,0,0,0,-28.256849053406004
0,0,0,200,0,0,0,0,0,0,33.011415751190434
17,400,100,400,1,100,500,105,63,60,187.18532373074584
0,0,-7,-100,-400,-1,-100,-500,-105,-63,-139.64006398208198
0,0,0,-200,0,0,0,0,0,0,-33.011415751190434
0,0,0,400,0,0,0,0,0,0,66.02283150238087
0,0,0,-200,0,0,0,0,0,0,-33.011415751190434
0,0,0,0,0,0,0,0,0,0,0.0
0,0,0,0,0,0,0,0,0,0,0.0
0,0,0,0,0,0,0,0,0,0,0.0
0,0,0,0,0,0,0,0,0,0,0.0
-2,-105,-200,-1200,-1,-505,-10,-100,-15,-110,-312.9798721817389
100,2,105,200,1200,1,505,10,100,15,270.57163889354354
0,0,0,0,0,0,0,0,0,0,0.0
-2,-105,-200,-1200,-1,-505,-10,-100,-15,-110,-312.9798721817389
-100,-17,-400,-7,-100,-400,-1,-100,-500,-105,-179.5029500818507
0,-54,-100,-17,-400,-7,-100,-400,-1,-100,-129.25680904755018
0,0,-200,0,0,0,0,0,0,0,-28.256849053406004
0,-19,0,0,0,0,0,0,0,0,-1.496174853404137
0,54,0,0,0,0,0,0,0,0,4.25228642546439
19,300,17,400,7,100,400,1,100,500,184.85822870399934
0,0,-19,-17,-400,-7,-100,-400,-1,-100,-113.56049875545638
0,100,0,0,0,0,0,0,0,0,7.874604491600722
0,100,0,0,0,0,0,0,0,0,7.874604491600722
0,0,-1200,-1,-505,-10,-100,-15,-110,-10,-260.03730698149576
0,19,17,400,7,100,400,1,100,500,162.1844759197611
0,0,0,0,100,400,1,100,500,105,117.6208845925949
0,17,400,100,400,1,100,500,105,63,196.5034551355969
0,0,200,1200,1,505,10,100,15,110,304.6540517642066
17,400,100,400,1,100,500,105,63,60,187.18532373074584
0,0,-1200,-1,-505,-10,-100,-15,-110,-10,-260.03730698149576
0,0,200,1200,1,505,10,100,15,110,304.6540517642066
-7,-17,-400,-100,-400,-1,-100,-500,-105,-63,-196.7046550903275
0,0,200,0,0,0,0,0,0,0,28.256849053406004
0,0,-400,0,0,0,0,0,0,0,-56.51369810681201
0,-200,-17,0,0,0,0,0,0,0,-18.15104115274095
-200,-7,0,0,0,0,0,0,0,0,-6.299792449572022
0,0,-1200,-1,-505,-10,-100,-15,-110,-10,-260.03730698149576
0,0,200,1200,1,505,10,100,15,110,304.6540517642066
0,0,-1200,-1,-505,-10,-100,-15,-110,-10,-260.03730698149576
0,0,400,1200,1,505,10,100,15,110,332.91090081761257
-200,0,0,0,0,0,0,0,0,0,-5.748570135159972
0,0,200,0,0,0,0,0,0,0,28.256849053406004
0,0,200,0,0,0,0,0,0,0,28.256849053406004
-2,-400,-7,-17,-100,-400,-1,-100,-500,-105,-152.9717483160698
0,0,-1200,-1,-505,-10,-100,-15,-110,-10,-260.03730698149576
0,0,0,0,0,0,0,0,0,0,0.0
-1,0,0,0,0,0,0,0,0,0,-0.02874285067579986
-105,-1200,-1,-505,-10,-100,-15,-110,-10,-110,-214.09591695863557
-100,-2,-400,-7,-17,-100,-400,-1,-100,-500,-154.33767390706305
-14,-100,-2,-400,-7,-17,-100,-400,-1,-100,-129.8581664097665
0,-100,0,0,0,0,0,0,0,0,-7.874604491600722
0,0,-21,-2,-400,-7,-17,-100,-400,-1,-101.95582597358944
0,100,0,0,0,0,0,0,0,0,7.874604491600722
0,21,2,400,7,17,100,400,1,100,123.23482895194074
0,0,0,-100,-400,-7,-17,-100,-400,-1,-115.16445054106512
-4,-14,-21,-2,-100,-400,-7,-17,-100,-400,-104.10608452186138
0,0,0,0,0,0,0,0,0,0,0.0
-5,0,0,0,0,0,0,0,0,0,-0.1437142533789993
-1200,-1,-505,-10,-100,-15,-110,-10,-110,-100,-149.7851906209177
-200,-4,-14,-21,-2,-100,-400,-7,-17,-100,-68.13344599842733
-100,0,0,0,0,0,0,0,0,0,-2.874285067579986
-100,0,0,0,0,0,0,0,0,0,-2.874285067579986
100,0,0,0,0,0,0,0,0,0,2.874285067579986
0,0,0,0,0,400,7,17,100,400,85.85996821110655
100,0,0,0,0,0,0,0,0,0,2.874285067579986
100,0,0,0,0,0,0,0,0,0,2.874285067579986
4,14,21,2,400,7,17,100,400,1,103.17324200511673
0,21,2,400,7,17,100,400,1,100,123.23482895194074
0,0,0,0,17,100,400,1,100,500,93.63679909154739
0,0,400,17,100,400,1,100,500,105,176.94055303825812
21,400,17,100,400,1,100,500,105,63,173.15492426534698
0,0,200,505,10,100,15,110,10,110,144.69822854660688
0,0,200,0,0,0,0,0,0,0,28.256849053406004
400,17,100,400,1,100,500,105,63,60,168.0341003367464
-400,0,0,0,0,0,0,0,0,0,-11.497140270319944
0,0,-200,0,0,0,0,0,0,0,-28.256849053406004
0,0,-505,-10,-100,-15,-110,-10,-110,-100,-115.2150237650418
0,0,200,505,10,100,15,110,10,110,144.69822854660688
0,-7,-17,-100,-400,-1,-100,-500,-105,-63,-141.60412874916435
0,0,200,0,0,0,0,0,0,0,28.256849053406004
0,200,1,0,0,0,0,0,0,0,15.890493228468474
0,-1,-505,-10,-100,-15,-110,-10,-110,-100,-115.29376980995782
-2,-400,-7,-17,-100,-400,-1,-100,-500,-105,-152.9717483160698
400,7,17,100,400,1,100,500,105,63,153.10126901948428
0,0,0,400,0,0,0,0,0,0,66.02283150238087
0,0,0,200,10,100,15,110,10,110,66.09897047263547
0,0,0,200,0,0,0,0,0,0,33.011415751190434
0,0,0,-200,0,0,0,0,0,0,-33.011415751190434
0,0,200,505,0,0,0,0,0,0,111.61067382516185
0,17,100,400,1,100,500,105,63,60,156.53696006642647
0,0,200,0,0,0,0,0,0,0,28.256849053406004
-7,0,0,0,0,0,0,0,0,0,-0.20119995473059904
400,0,0,0,0,0,0,0,0,0,11.497140270319944
0,-200,-17,-100,-400,-1,-100,-500,-105,-63,-156.80211541795373
0,0,200,0,0,0,0,0,0,0,28.256849053406004
0,-200,0,0,0,0,0,0,0,0,-15.749208983201443
0,200,0,0,0,0,0,0,0,0,15.749208983201443
-200,-7,0,0,0,0,0,0,0,0,-6.299792449572022
7,17,100,400,1,100,500,105,63,60,156.73816002115706
0,-200,0,0,0,0,0,0,0,0,-15.749208983201443
0,-200,0,0,0,0,0,0,0,0,-15.749208983201443
0,200,0,0,0,0,0,0,0,0,15.749208983201443
0,-400,-17,-100,-400,-1,-100,-500,-105,-63,-172.55132440115517
0,0,200,0,0,0,0,0,0,0,28.256849053406004
0,0,-505,-10,-100,-15,-110,-10,-110,-100,-115.2150237650418
0,0,200,505,10,100,15,110,10,110,144.69822854660688
-100,-7,-400,-17,-100,-400,-1,-100,-500,-105,-180.36606042025016
-2,-100,-7,-400,-17,-100,-400,-1,-100,-500,-168.5807105037498
0,0,-27,-7,-400,-17,-100,-400,-1,-100,-114.21109088574549
0,0,-505,-10,-100,-15,-110,-10,-110,-100,-115.2150237650418
0,27,7,400,17,100,400,1,100,500,162.77476352352969
0,7,400,17,100,400,1,100,500,105,177.49177535267017
7,400,17,100,400,1,100,500,105,63,172.75252435588578
0,0,400,505,10,100,15,110,10,110,172.95507760001288
-200,-7,0,0,0,0,0,0,0,0,-6.299792449572022
0,17,100,400,1,100,500,105,63,60,156.53696006642647
-7,-200,-17,-100,-400,-1,-100,-500,-105,-63,-157.00331537268434
0,17,100,400,1,100,500,105,63,60,156.53696006642647
0,-400,-17,-100,-400,-1,-100,-500,-105,-63,-172.55132440115517
0,0,400,0,0,0,0,0,0,0,56.51369810681201
0,-200,0,0,0,0,0,0,0,0,-15.749208983201443
0,-200,0,0,0,0,0,0,0,0,-15.749208983201443
-200,-7,0,0,0,0,0,0,0,0,-6.299792449572022
0,17,100,400,1,100,500,105,63,60,156.53696006642647
17,100,400,1,100,500,105,63,60,1,157.23495287475947
-200,-17,-100,-400,-1,-100,-500,-105,-63,-60,-162.28553020158643
17,100,400,1,100,500,105,63,60,1,157.23495287475947
-400,-17,-100,-400,-1,-100,-500,-105,-63,-60,-168.0341003367464
-200,0,0,0,0,0,0,0,0,0,-5.748570135159972
17,100,400,1,100,500,105,63,60,1,157.23495287475947
-400,-17,-100,-400,-1,-100,-500,-105,-63,-60,-168.0341003367464
-200,0,0,0,0,0,0,0,0,0,-5.748570135159972
-200,0,0,0,0,0,0,0,0,0,-5.748570135159972
10,1200,1,400,505,10,100,15,110,10,251.27795373591837
-7,-200,-17,-100,-400,-1,-100,-500,-105,-63,-157.00331537268434
0,17,100,400,1,100,500,105,63,60,156.53696006642647
0,-200,-17,-100,-400,-1,-100,-500,-105,-63,-156.80211541795373
0,17,100,400,1,100,500,105,63,60,156.53696006642647
0,-400,-17,-100,-400,-1,-100,-500,-105,-63,-172.55132440115517
0,0,0,200,0,0,0,0,0,0,33.011415751190434
0,0,0,200,0,0,0,0,0,0,33.011415751190434
0,0,200,1,0,0,0,0,0,0,28.421906132161958
0,-400,0,0,0,0,0,0,0,0,-31.498417966402886
-55,-7,-400,-17,-100,-400,-1,-100,-500,-105,-179.07263213983916
0,0,0,0,0,0,0,0,0,0,0.0
-1200,-200,-1,-505,-10,-100,-15,-110,-10,-110,-166.82329353262918
-100,-55,-7,-400,-17,-100,-400,-1,-100,-500,-167.85393784875788
-7,-100,-55,-7,-400,-17,-100,-400,-1,-100,-126.24285419955366
0,-77,0,0,0,0,0,0,0,0,-6.063445458532556
0,100,0,0,0,0,0,0,0,0,7.874604491600722
0,-1,-505,-10,-100,-15,-110,-10,-110,-100,-115.29376980995782
0,0,0,400,17,100,400,1,100,500,159.65963059392826
0,0,400,17,100,400,1,100,500,105,176.94055303825812
0,200,1,505,10,100,15,110,10,110,132.33187272166936
0,-1,-505,-10,-100,-15,-110,-10,-110,-100,-115.29376980995782
0,0,400,505,10,100,15,110,10,110,172.95507760001288
77,400,17,100,400,1,100,500,105,63,174.76452390319176
400,17,100,400,1,100,500,105,63,60,168.0341003367464
0,0,400,0,0,0,0,0,0,0,56.51369810681201
0,400,-505,-10,-100,-15,-110,-10,-110,-100,-83.71660579863892
-7,-400,-17,-100,-400,-1,-100,-500,-105,-63,-172.75252435588578
0,-400,0,0,0,0,0,0,0,0,-31.498417966402886
0,0,400,505,10,100,15,110,10,110,172.95507760001288
0,0,200,0,0,0,0,0,0,0,28.256849053406004
0,200,-505,-10,-100,-15,-110,-10,-110,-100,-99.46581478184036
0,-200,0,0,0,0,0,0,0,0,-15.749208983201443
0,0,200,505,10,100,15,110,10,110,144.69822854660688
-10,-7,-400,-17,-100,-400,-1,-100,-500,-105,-177.77920385942815
0,0,17,100,400,1,100,500,105,63,141.0529064347523
0,0,-400,-17,-100,-400,-1,-100,-500,-105,-176.94055303825812
0,0,200,0,0,0,0,0,0,0,28.256849053406004
0,0,-505,-10,-100,-15,-110,-10,-110,-100,-115.2150237650418
0,0,400,505,10,100,15,110,10,110,172.95507760001288
-10,0,0,0,0,0,0,0,0,0,-0.2874285067579986
0,400,17,100,400,1,100,500,105,63,172.55132440115517
0,0,-7,-17,-100,-400,-1,-100,-500,-105,-121.4158446483153
0,-200,0,0,0,0,0,0,0,0,-15.749208983201443
-5,-20,-200,-7,-17,-100,-400,-1,-100,-500,-124.7676828479442
20,200,7,17,100,400,1,100,500,105,137.73991064503275
0,7,17,100,400,1,100,500,105,63,141.60412874916435
0,-200,-7,-17,-100,-400,-1,-100,-500,-105,-137.16505363151674
0,7,17,100,400,1,100,500,105,63,141.60412874916435
0,-400,-7,-17,-100,-400,-1,-100,-500,-105,-152.9142626147182
0,-200,0,0,0,0,0,0,0,0,-15.749208983201443
0,0,17,100,400,1,100,500,105,63,141.0529064347523
0,0,-200,0,0,0,0,0,0,0,-28.256849053406004
0,0,-7,-17,-100,-400,-1,-100,-500,-105,-121.4158446483153
0,0,200,0,0,0,0,0,0,0,28.256849053406004
0,0,-200,0,0,0,0,0,0,0,-28.256849053406004
0,0,-505,-10,-100,-15,-110,-10,-110,-100,-115.2150237650418
0,0,200,505,10,100,15,110,10,110,144.69822854660688
0,0,200,0,0,0,0,0,0,0,28.256849053406004
0,0,-200,0,0,0,0,0,0,0,-28.256849053406004
0,0,400,0,0,0,0,0,0,0,56.51369810681201
0,0,200,0,0,0,0,0,0,0,28.256849053406004
15,1200,1,200,505,10,100,15,110,10,218.41025223810695
-1200,-1,-200,-505,-10,-100,-15,-110,-10,-110,-179.26839540248272
0,0,-505,-10,-100,-15,-110,-10,-110,-100,-115.2150237650418
0,0,400,505,10,100,15,110,10,110,172.95507760001288
200,0,-505,-10,-100,-15,-110,-10,-110,-100,-109.46645362988184
0,0,17,100,400,1,100,500,105,63,141.0529064347523
0,0,-7,-17,-100,-400,-1,-100,-500,-105,-121.4158446483153
0,-200,0,0,0,0,0,0,0,0,-15.749208983201443
7,0,0,0,0,0,0,0,0,0,0.20119995473059904
0,0,17,100,400,1,100,500,105,63,141.0529064347523
-200,0,0,0,0,0,0,0,0,0,-5.748570135159972
0,0,400,505,10,100,15,110,10,110,172.95507760001288
40,1207,1,400,505,10,100,15,110,10,252.69146157060442
0,0,0,0,0,0,0,-7,-500,-105,-48.55205305095734
0,17,100,400,1,100,7,500,105,63,152.19859063237305
0,-200,-17,-100,-400,-1,-100,-7,-500,-105,-147.11188950094424
0,0,0,400,0,0,0,0,0,0,66.02283150238087
0,-200,0,0,0,0,0,0,0,0,-15.749208983201443
0,0,200,-505,-10,-100,-15,-110,-10,-110,-88.1845304397949
10,0,0,0,0,0,0,0,0,0,0.2874285067579986
0,0,200,1,505,10,100,15,110,10,118.75306171446576
0,0,200,0,0,0,0,0,0,0,28.256849053406004
0,17,100,400,1,100,7,500,105,63,152.19859063237305
0,-400,-17,-100,-400,-1,-100,-7,-500,-105,-162.86109848414569
0,0,-200,0,0,0,0,0,0,0,-28.256849053406004
0,200,1207,0,0,0,0,0,0,0,186.27929302050666
0,-200,0,0,0,0,0,0,0,0,-15.749208983201443
200,17,100,400,1,100,7,500,105,63,157.94716076753303
-10,-200,-17,-100,-400,-1,-100,-7,-500,-105,-147.39931800770225
0,0,0,0,0,0,0,0,0,0,0.0
-200,-1207,-1,-505,-10,-100,-15,-110,-10,-110,-217.3777100872486
-100,-10,-200,-17,-100,-400,-1,-100,-7,-500,-140.98456985608524
10,200,17,100,400,1,100,7,500,105,147.39931800770225
-1207,-1,-505,-10,-100,-15,-110,-10,-110,-100,-149.98639057564827
-2,-10,-200,-17,-100,-400,-1,-100,-7,-500,-138.16777048985688
-100,-2,-10,-200,-17,-100,-400,-1,-100,-7,-95.60384690817462
2,10,200,17,100,400,1,100,7,500,138.16777048985688
10,200,17,100,400,1,100,7,500,105,147.39931800770225
0,0,0,0,0,0,0,500,105,63,58.242278967966826
0,0,400,505,10,100,15,110,10,110,172.95507760001288
0,-200,0,0,0,0,0,0,0,0,-15.749208983201443
0,200,0,0,0,0,0,0,0,0,15.749208983201443
0,-200,0,0,0,0,0,0,0,0,-15.749208983201443
0,0,0,0,0,0,0,-7,-500,-105,-48.55205305095734
0,-200,0,0,0,0,0,0,0,0,-15.749208983201443
35,1207,1,400,505,10,100,15,110,10,252.54774731722543
-1207,-1,-400,-505,-10,-100,-15,-110,-10,-110,-207.7264444106193
0,0,-200,0,0,0,0,0,0,0,-28.256849053406004
106,1207,1,200,505,10,100,15,110,10,221.57707396401676
0,0,0,0,0,0,0,0,0,0,0.0
400,17,100,400,1,100,7,500,105,63,163.69573090269301
100,106,1207,1,200,505,10,100,15,110,287.57113292090077
5,100,106,1207,1,200,505,10,100,15,300.57054576871394
0,100,0,0,0,0,0,0,0,0,7.874604491600722
0,0,97,106,1207,1,200,505,10,100,268.4669989165129
200,0,0,0,0,0,0,0,0,0,5.748570135159972
0,-100,0,0,0,0,0,0,0,0,-7.874604491600722
0,-97,-106,-1207,-1,-200,-505,-10,-100,-15,-300.19059338058685
0,0,-1207,-1,-200,-505,-10,-100,-15,-110,-276.349767092224
-97,-1207,-1,-200,-505,-10,-100,-15,-110,-10,-221.31838830793458
-1207,-1,-200,-505,-10,-100,-15,-110,-10,-110,-179.46959535721334
0,0,200,0,0,0,0,0,0,0,28.256849053406004
-200,0,0,0,0,0,0,0,0,0,-5.748570135159972
200,0,0,0,0,0,0,0,0,0,5.748570135159972
-400,0,0,0,0,0,0,0,0,0,-11.497140270319944
0,0,-200,0,0,0,0,0,0,0,-28.256849053406004
0,0,-505,-10,-100,-15,-110,-10,-110,-100,-115.2150237650418
0,0,400,505,10,100,15,110,10,110,172.95507760001288
-400,0,0,0,0,0,0,0,0,0,-11.497140270319944
0,0,200,0,0,0,0,0,0,0,28.256849053406004
-5,-400,-17,-100,-400,-1,-100,-7,-500,-105,-163.0048127375247
-24,0,0,0,0,0,0,0,0,0,-0.6898284162191967
0,0,0,0,0,0,0,500,105,63,58.242278967966826
14,1207,1,200,505,10,100,15,110,10,218.93273170184318
36,14,1207,1,200,505,10,100,15,110,278.48695434537694
0,0,0,0,0,0,0,0,0,0,0.0
0,-1207,-1,-200,-505,-10,-100,-15,-110,-10,-218.530331792382
-1207,-1,-200,-505,-10,-100,-15,-110,-10,-110,-179.46959535721334
24,0,0,0,0,0,0,0,0,0,0.6898284162191967
0,0,0,0,0,0,0,-7,-500,-105,-48.55205305095734
-24,-5,-400,-17,-100,-400,-1,-100,-7,-500,-166.66323203355043
0,0,0,0,0,0,0,0,0,0,0.0
1,0,0,0,0,0,0,0,0,0,0.02874285067579986
0,0,0,0,0,0,0,0,500,105,47.9188118977388
0,0,0,0,0,0,0,0,-7,-500,-36.55793225223189
0,400,17,100,400,1,100,7,500,105,162.86109848414569
0,200,0,0,0,0,0,0,0,0,15.749208983201443
0,0,200,0,0,0,0,0,0,0,28.256849053406004
0,-32,-200,-17,-100,-400,-1,-100,-7,-500,-139.84269777665742
0,0,-505,-10,-100,-15,-110,-10,-110,-100,-115.2150237650418
0,200,17,100,400,1,100,7,500,105,147.11188950094424
0,0,400,505,10,100,15,110,10,110,172.95507760001288
0,0,0,0,0,0,0,500,105,63,58.242278967966826
0,0,200,0,0,0,0,0,0,0,28.256849053406004
0,0,-7,-17,-100,-400,-1,-100,-500,-105,-121.4158446483153
0,0,-505,-10,-100,-15,-110,-10,-110,-100,-115.2150237650418
0,0,400,505,10,100,15,110,10,110,172.95507760001288
0,-200,0,0,0,0,0,0,0,0,-15.749208983201443
0,200,0,0,0,0,0,0,0,0,15.749208983201443
0,-400,0,0,0,0,0,0,0,0,-31.498417966402886
0,0,200,0,0,0,0,0,0,0,28.256849053406004
0,200,0,0,0,0,0,0,0,0,15.749208983201443
5,1207,1,200,505,10,100,15,110,10,218.67404604576097
0,0,0,200,0,0,0,0,0,0,33.011415751190434
100,5,1207,1,200,505,10,100,15,110,279.61778238438404
15,0,0,0,0,0,0,0,0,0,0.4311427601369979
-100,0,0,0,0,0,0,0,0,0,-2.874285067579986
-5,-1207,-1,-200,-505,-10,-100,-15,-110,-10,-218.67404604576097
0,0,0,0,0,0,0,0,0,0,0.0
2,0,0,0,0,0,0,0,0,0,0.05748570135159972
0,0,0,200,0,0,0,0,0,0,33.011415751190434
0,7,17,100,400,1,100,500,105,63,141.60412874916435
0,-400,-7,-17,-100,-400,-1,-100,-500,-105,-152.9142626147182
0,0,0,-200,0,0,0,0,0,0,-33.011415751190434
0,0,200,1,0,0,0,0,0,0,28.421906132161958
0,-400,0,0,0,0,0,0,0,0,-31.498417966402886
0,0,200,0,0,0,0,0,0,0,28.256849053406004
0,0,-1,-505,-10,-100,-15,-110,-10,-110,-116.58266373846793
0,0,400,1,505,10,100,15,110,10,147.00991076787176
-1207,-400,-1,-505,-10,-100,-15,-110,-10,-110,-182.77370247056123
0,-200,0,0,0,0,0,0,0,0,-15.749208983201443
0,0,0,0,0,0,0,-10,0,0,-0.9046302188836314
0,-1,-505,-10,-100,-15,-100,-10,-110,-100,-114.40781674579307
0,0,200,505,10,100,15,100,10,110,143.79359832772323
100,1207,1,200,505,10,100,15,100,10,220.5974107515077
0,0,0,0,0,0,0,0,0,0,0.0
400,7,17,100,400,1,100,500,105,63,153.10126901948428
100,100,1207,1,200,505,10,100,15,100,286.37879889187843
1,100,100,1207,1,200,505,10,100,15,299.6078688944085
0,100,0,0,0,0,0,0,0,0,7.874604491600722
0,-100,0,0,0,0,0,0,0,0,-7.874604491600722
0,-100,-1207,-1,-200,-505,-10,-100,-15,-100,-283.50451382429844
0,-1207,-1,-200,-505,-10,-100,-15,-100,-10,-217.72312568392772
200,0,0,0,0,0,0,0,0,0,5.748570135159972
-1207,-1,-200,-505,-10,-100,-15,-100,-10,-110,-178.5649651383297
0,200,-505,-10,-100,-15,-100,-10,-110,-100,-98.57986171767561
7,17,100,400,1,100,500,105,63,60,156.73816002115706
100,1207,201,505,10,100,15,100,10,110,241.85564385419096
-1207,-201,-505,-10,-100,-15,-100,-10,-110,-100,-164.84964649468495
17,100,400,1,100,500,105,63,60,1,157.23495287475947
-200,-17,-100,-400,-1,-100,-500,-105,-63,-60,-162.28553020158643
0,-7,-17,-100,-400,-1,-100,-500,-105,-63,-141.60412874916435
0,17,100,400,1,100,500,105,63,60,156.53696006642647
0,-7,-17,-100,-400,-1,-100,-500,-105,-63,-141.60412874916435
-200,0,0,0,0,0,0,0,0,0,-5.748570135159972
0,-200,0,0,0,0,0,0,0,0,-15.749208983201443
0,0,200,505,10,100,15,100,10,110,143.79359832772323
-200,0,0,0,0,0,0,0,0,0,-5.748570135159972
0,0,-505,-10,-100,-15,-100,-10,-110,-100,-114.32907070087705
0,0,200,505,10,100,15,100,10,110,143.79359832772323
7,17,100,400,1,100,500,105,63,60,156.73816002115706
-200,-7,-17,-100,-400,-1,-100,-500,-105,-63,-147.35269888432433
0,17,100,400,1,100,500,105,63,60,156.53696006642647
0,-7,-17,-100,-400,-1,-100,-500,-105,-63,-141.60412874916435
0,17,100,400,1,100,500,105,63,60,156.53696006642647
0,-7,-17,-100,-400,-1,-100,-500,-105,-63,-141.60412874916435
-200,0,0,0,0,0,0,0,0,0,-5.748570135159972
-200,0,0,0,0,0,0,0,0,0,-5.748570135159972
7,17,100,400,1,100,500,105,63,60,156.73816002115706
0,-400,-17,-100,-400,-1,-100,-500,-105,-63,-172.55132440115517
0,200,0,0,0,0,0,0,0,0,15.749208983201443
0,-200,0,0,0,0,0,0,0,0,-15.749208983201443
400,17,100,400,1,100,500,105,63,60,168.0341003367464
-7,-400,-17,-100,-400,-1,-100,-500,-105,-63,-172.75252435588578
0,200,0,0,0,0,0,0,0,0,15.749208983201443
-200,-7,0,0,0,0,0,0,0,0,-6.299792449572022
7,17,100,400,1,100,500,105,63,60,156.73816002115706
0,-400,-17,-100,-400,-1,-100,-500,-105,-63,-172.55132440115517
-200,-7,0,0,0,0,0,0,0,0,-6.299792449572022
7,17,100,400,1,100,500,105,63,60,156.73816002115706
0,-400,-17,-100,-400,-1,-100,-500,-105,-63,-172.55132440115517
-200,-7,0,0,0,0,0,0,0,0,-6.299792449572022
7,17,100,400,1,100,500,105,63,60,156.73816002115706
0,-400,-17,-100,-400,-1,-100,-500,-105,-63,-172.55132440115517
-200,-7,0,0,0,0,0,0,0,0,-6.299792449572022
7,17,100,400,1,100,500,105,63,60,156.73816002115706
0,-400,-17,-100,-400,-1,-100,-500,-105,-63,-172.55132440115517
5,1207,1,200,505,10,100,15,100,10,217.8668399373067
-1207,-1,-200,-505,-10,-100,-15,-100,-10,-110,-178.5649651383297
400,17,100,400,1,100,500,105,63,60,168.0341003367464
-7,-400,-17,-100,-400,-1,-100,-500,-105,-63,-172.75252435588578
0,0,0,0,0,0,0,0,0,0,0.0
35,1207,1,200,505,10,100,15,100,10,218.72912545758072
-1207,-1,-200,-505,-10,-100,-15,-100,-10,-110,-178.5649651383297
400,17,100,400,1,100,500,105,63,60,168.0341003367464
-7,-400,-17,-100,-400,-1,-100,-500,-105,-63,-172.75252435588578
0,17,100,400,1,100,500,105,63,60,156.53696006642647
0,-400,-17,-100,-400,-1,-100,-500,-105,-63,-172.55132440115517
0,0,200,0,0,0,0,0,0,0,28.256849053406004
0,-400,0,0,0,0,0,0,0,0,-31.498417966402886
400,17,100,400,1,100,500,105,63,60,168.0341003367464
-7,-400,-17,-100,-400,-1,-100,-500,-105,-63,-172.75252435588578
80,1207,1,200,505,10,100,15,100,10,220.0225537379917
0,0,0,200,0,0,0,0,0,0,33.011415751190434
400,17,100,400,1,100,500,105,63,60,168.0341003367464
0,0,0,200,0,0,0,0,0,0,33.011415751190434
0,0,0,-200,0,0,0,0,0,0,-33.011415751190434
0,0,400,-505,-10,-100,-15,-100,-10,-110,-59.02305116750525
-7,-400,-17,-100,-400,-1,-100,-500,-105,-63,-172.75252435588578
400,17,100,400,1,100,500,105,63,60,168.0341003367464
-7,-400,-17,-100,-400,-1,-100,-500,-105,-63,-172.75252435588578
0,17,100,400,1,100,500,105,63,60,156.53696006642647
0,-400,-17,-100,-400,-1,-100,-500,-105,-63,-172.55132440115517
0,0,400,1,505,10,100,15,100,10,146.2027046594175
0,-400,0,0,0,0,0,0,0,0,-31.498417966402886
0,0,0,0,0,0,0,0,0,0,0.0
0,0,0,0,0,0,0,0,0,0,0.0
400,17,100,400,1,100,500,105,63,60,168.0341003367464
34,100,80,1207,400,1,505,10,100,15,329.2191595574137
0,100,0,0,0,0,0,0,0,0,7.874604491600722
0,-100,0,0,0,0,0,0,0,0,-7.874604491600722
100,0,0,0,0,0,0,0,0,0,2.874285067579986
0,0,100,80,1207,400,1,505,10,100,293.6873709607047
0,-100,-80,-1207,-400,-1,-505,-10,-100,-15,-328.24190263443654
17,100,400,1,100,500,105,63,60,1,157.23495287475947
-200,-17,-100,-400,-1,-100,-500,-105,-63,-60,-162.28553020158643
-34,0,0,0,0,0,0,0,0,0,-0.9772569229771952
0,-80,-1207,-400,-1,-505,-10,-100,-15,-100,-320.4614495770984
-200,0,0,0,0,0,0,0,0,0,-5.748570135159972
-80,-1207,-400,-1,-505,-10,-100,-15,-100,-10,-243.54860892710218
100,80,1207,400,1,505,10,100,15,100,323.3357346446784
-80,-1207,-400,-1,-505,-10,-100,-15,-100,-10,-243.54860892710218
0,0,-1,-505,-10,-100,-15,-100,-10,-110,-115.67803351958429
0,0,0,200,505,10,100,15,100,10,122.53536522503998
200,0,0,0,0,0,0,0,0,0,5.748570135159972
-200,0,0,0,0,0,0,0,0,0,-5.748570135159972
0,0,0,-505,-10,-100,-15,-100,-10,-110,-115.53674927431726
0,0,0,400,505,10,100,15,100,10,155.54678097623042
0,0,400,-505,-10,-100,-15,-100,-10,-110,-59.02305116750525
200,0,0,0,0,0,0,0,0,0,5.748570135159972
17,100,400,1,100,500,105,63,60,1,157.23495287475947
4,80,1207,401,505,10,100,15,100,10,332.6565770882754
0,100,80,1207,401,505,10,100,15,100,350.936556499961
0,-80,-1207,-401,-505,-10,-100,-15,-100,-10,-332.54160568557216
-80,-1207,-401,-505,-10,-100,-15,-100,-10,-110,-269.537635894081
-200,-17,-100,-400,-1,-100,-500,-105,-63,-60,-162.28553020158643
17,100,400,1,100,500,105,63,60,1,157.23495287475947
-200,-17,-100,-400,-1,-100,-500,-105,-63,-60,-162.28553020158643
17,100,400,1,100,500,105,63,60,1,157.23495287475947
-200,-17,-100,-400,-1,-100,-500,-105,-63,-60,-162.28553020158643
0,0,200,1,505,10,100,15,100,10,117.94585560601149
0,200,-1,-505,-10,-100,-15,-100,-10,-110,-99.92882453638285
0,200,1207,1,505,10,100,15,100,10,275.9682995731122
0,-1207,-1,-505,-10,-100,-15,-100,-10,-110,-210.724509733205
0,0,200,1,505,10,100,15,100,10,117.94585560601149
17,100,400,1,100,500,105,63,60,1,157.23495287475947
0,-400,-100,-400,-1,-100,-500,-105,-63,-60,-186.69669526925722
0,0,200,0,0,0,0,0,0,0,28.256849053406004
-400,100,400,1,100,500,105,63,60,1,145.24918414295095
-4,-417,-100,-400,-1,-100,-500,-105,-63,-60,-188.15034943553255
0,200,1207,0,0,0,0,0,0,0,186.27929302050666
0,-1207,-1,-505,-10,-100,-15,-100,-10,-110,-210.724509733205
0,0,200,1,505,10,100,15,100,10,117.94585560601149
0,0,200,0,0,0,0,0,0,0,28.256849053406004
100,80,1207,200,1,505,10,100,15,100,290.3243188934879
0,0,0,-1,-505,-10,-100,-15,-100,-10,-89.68900655260549
0,0,0,400,1,505,10,100,15,100,143.63168194651257
0,-200,-17,-100,-400,-1,-100,-500,-105,-63,-156.80211541795373
0,17,100,400,1,100,500,105,63,60,156.53696006642647
0,-200,-17,-100,-400,-1,-100,-500,-105,-63,-156.80211541795373
0,200,0,-1,-505,-10,-100,-15,-100,-10,-73.93979756940405
0,-200,0,0,0,0,0,0,0,0,-15.749208983201443
0,1,280,1207,1,505,10,100,15,100,316.4710792222504
0,0,-200,0,0,0,0,0,0,0,-28.256849053406004
0,0,0,0,400,0,0,0,0,0,54.92646788443191
0,-200,0,0,0,0,0,0,0,0,-15.749208983201443
0,-200,0,0,0,0,0,0,0,0,-15.749208983201443
0,0,0,0,200,1,505,10,100,15,82.37743052082313
0,0,0,200,-1,-505,-10,-100,-15,-100,-44.59743469294126
0,0,0,0,0,0,0,0,0,0,0.0
-50,0,0,0,0,0,0,0,0,0,-1.437142533789993
0,0,0,-200,0,0,0,0,0,0,-33.011415751190434
0,0,0,0,0,0,0,0,0,0,0.0
-1,-80,-1207,-1,-505,-10,-100,-15,-100,-10,-266.54751703386705
-100,-4,-200,-17,-100,-400,-1,-100,-500,-105,-151.87297323209611
4,200,17,100,400,1,100,500,105,63,156.91708682065695
-128,-4,-200,-17,-100,-400,-1,-100,-500,-105,-152.6777730510185
0,0,0,400,0,0,0,0,0,0,66.02283150238087
0,0,0,-400,0,0,0,0,0,0,-66.02283150238087
0,0,0,0,200,505,10,100,15,100,104.93476821663657
0,0,0,200,-505,-10,-100,-15,-100,-10,-56.512533722659114
-2,-128,-4,-200,-17,-100,-400,-1,-100,-500,-137.35033127440647
0,0,0,200,0,0,0,0,0,0,33.011415751190434
0,0,0,-200,0,0,0,0,0,0,-33.011415751190434
0,0,400,1207,1,505,10,100,15,100,333.34644260937796
-2,-2,-128,-4,-200,-17,-100,-400,-1,-100,-100.73737227041532
0,-14,0,0,0,0,0,0,0,0,-1.102444628824101
0,14,0,0,0,0,0,0,0,0,1.102444628824101
0,0,-1207,-1,-505,-10,-100,-15,-100,-10,-260.2190905899107
0,0,0,400,0,0,0,0,0,0,66.02283150238087
0,0,400,1207,1,505,10,100,15,100,333.34644260937796
0,0,-1207,-1,-505,-10,-100,-15,-100,-10,-260.2190905899107
0,0,0,400,0,0,0,0,0,0,66.02283150238087
0,0,0,0,17,100,400,1,100,500,93.63679909154739
0,0,0,0,-200,-17,-100,-400,-1,-100,-81.77778277002805
0,0,0,0,-200,0,0,0,0,0,-27.463233942215954
0,0,400,1207,1,505,10,100,15,100,333.34644260937796
0,0,-1207,-1,-505,-10,-100,-15,-100,-10,-260.2190905899107
0,0,0,400,0,0,0,0,0,0,66.02283150238087
0,0,400,1207,1,505,10,100,15,100,333.34644260937796
0,0,-1207,-1,-505,-10,-100,-15,-100,-10,-260.2190905899107
0,0,0,400,0,0,0,0,0,0,66.02283150238087
0,0,400,1207,1,505,10,100,15,100,333.34644260937796
0,0,0,0,-200,0,0,0,0,0,-27.463233942215954
0,0,200,0,0,0,0,0,0,0,28.256849053406004
0,0,0,0,-200,0,0,0,0,0,-27.463233942215954
0,0,-1207,-1,-505,-10,-100,-15,-100,-10,-260.2190905899107
0,0,400,0,0,0,0,0,0,0,56.51369810681201
1,1,80,1607,1,505,10,100,15,100,354.2658045219011
-24,-2,-2,-128,-4,-200,-17,-100,-400,-1,-89.13689138247848
0,0,0,0,0,17,100,400,1,100,54.314548827812104
0,0,0,0,0,-200,-17,-100,-400,-1,-66.33043162628701
0,0,0,0,0,-200,0,0,0,0,-23.417779114247676
0,0,0,0,0,17,100,400,1,100,54.314548827812104
0,0,0,0,0,-200,-17,-100,-400,-1,-66.33043162628701
0,0,400,-400,0,0,0,0,0,0,-9.50913339556886
0,0,-400,0,0,0,0,0,0,0,-56.51369810681201
0,0,0,400,0,0,0,0,0,0,66.02283150238087
0,0,0,0,0,-200,0,0,0,0,-23.417779114247676
0,0,0,0,0,17,100,400,1,100,54.314548827812104
0,0,0,0,0,-200,-17,-100,-400,-1,-66.33043162628701
0,0,400,-400,0,0,0,0,0,0,-9.50913339556886
0,0,400,80,1207,1,505,10,100,15,290.3730778271687
0,0,0,0,0,-200,0,0,0,0,-23.417779114247676
0,0,0,0,0,-200,0,0,0,0,-23.417779114247676
0,0,-80,-1207,-1,-505,-10,-100,-15,-100,-288.1354841239284
0,0,0,400,1207,1,505,10,100,15,286.67764492226127
0,0,400,-1207,-1,-505,-10,-100,-15,-100,-220.319046395754
0,0,0,0,0,17,100,400,1,100,54.314548827812104
0,0,0,0,0,-200,-17,-100,-400,-1,-66.33043162628701
0,0,0,0,0,-200,0,0,0,0,-23.417779114247676
0,0,0,0,0,-200,0,0,0,0,-23.417779114247676
0,0,0,0,0,0,0,0,0,0,0.0
-1,-480,-1207,-1,-505,-10,-100,-15,-100,-10,-298.04593500027
0,-400,0,0,0,0,0,0,0,0,-31.498417966402886
0,0,0,400,1,505,10,100,15,100,143.63168194651257
0,-1207,-400,-1,-505,-10,-100,-15,-100,-10,-241.2491808730382
0,0,-200,0,0,0,0,0,0,0,-28.256849053406004
0,0,200,0,0,0,0,0,0,0,28.256849053406004
0,0,-200,0,0,0,0,0,0,0,-28.256849053406004
0,400,-1,-505,-10,-100,-15,-100,-10,-110,-84.1796155531814
-4,-24,-2,-2,-128,-4,-200,-17,-100,-400,-76.78568855502755
0,0,0,0,0,0,17,100,400,1,42.91265251203933
0,0,0,0,0,0,-200,-17,-100,-400,-56.12330412099105
0,-400,0,0,0,0,0,0,0,0,-31.498417966402886
0,0,200,1,505,10,100,15,100,10,117.94585560601149
0,0,0,0,0,0,0,0,0,0,0.0
-1207,-200,-1,-505,-10,-100,-15,-100,-10,-110,-166.11986326847617
-1,-4,-24,-2,-2,-128,-4,-200,-17,-100,-46.344487629774676
0,-1,-505,-10,-100,-15,-100,-10,-110,-100,-114.40781674579307
0,-100,-4,-24,-2,-2,-128,-4,-200,-17,-41.97985316251852
0,-2,0,0,0,0,0,0,0,0,-0.15749208983201443
0,-128,0,0,0,0,0,0,0,0,-10.079493749248924
0,0,0,0,0,0,0,200,17,100,26.66343235730765
-4,0,0,0,0,0,0,0,0,0,-0.11497140270319944
0,0,0,0,0,0,200,17,100,400,56.12330412099105
0,100,0,0,0,0,0,0,0,0,7.874604491600722
-128,-5,-130,-4,-24,-2,-2,-200,-17,-100,-53.47038414516911
0,0,0,0,0,0,200,17,100,400,56.12330412099105
0,0,2,0,0,0,0,0,0,0,0.28256849053406
0,400,1,505,10,100,15,100,10,110,147.17645148598714
0,-1,-505,-10,-100,-15,-100,-10,-110,-100,-114.40781674579307
0,0,400,0,0,0,0,0,0,0,56.51369810681201
0,0,0,0,0,0,-200,0,0,0,-17.719061283295172
0,1,0,0,0,0,0,0,0,0,0.07874604491600722
0,0,0,0,0,0,200,0,0,0,17.719061283295172
0,0,0,0,0,0,-400,0,0,0,-35.438122566590344
0,0,0,0,0,0,-400,0,0,0,-35.438122566590344
0,0,-200,0,0,0,0,0,0,0,-28.256849053406004
0,0,200,0,0,0,0,0,0,0,28.256849053406004
0,0,-200,0,0,0,0,0,0,0,-28.256849053406004
0,0,200,505,10,100,15,100,10,110,143.79359832772323
0,0,0,0,0,0,0,0,0,0,0.0
0,0,200,0,0,0,0,0,0,0,28.256849053406004
0,0,-505,-10,-100,-15,-100,-10,-110,-100,-114.32907070087705
0,0,200,505,10,100,15,100,10,110,143.79359832772323
0,0,200,0,0,0,0,0,0,0,28.256849053406004
0,0,-505,-10,-100,-15,-100,-10,-110,-100,-114.32907070087705
0,0,200,505,10,100,15,100,10,110,143.79359832772323
0,0,-505,-10,-100,-15,-100,-10,-110,-100,-114.32907070087705
0,0,200,505,10,100,15,100,10,110,143.79359832772323
0,0,0,0,0,-400,17,100,400,1,-3.9229057164560217
0,0,0,0,-400,400,0,0,0,0,-8.090909655936557
-40,-128,-4,-128,-4,-424,-2,-17,-100,-400,-121.69804068968914
0,0,0,0,0,0,17,100,400,1,42.91265251203933
0,200,1,0,0,0,0,0,0,0,15.890493228468474
0,0,0,0,0,400,0,0,0,0,46.83555822849535
0,0,0,0,0,0,-200,-17,-100,-400,-56.12330412099105
0,0,0,0,0,0,17,100,400,1,42.91265251203933
0,0,0,0,0,0,-400,-17,-100,-400,-73.84236540428623
0,0,0,0,0,0,-400,0,0,0,-35.438122566590344
0,200,0,0,0,0,0,0,0,0,15.749208983201443
0,-1,-505,-10,-100,-15,-100,-10,-110,-100,-114.40781674579307
0,0,200,505,10,100,15,100,10,110,143.79359832772323
0,0,0,0,0,0,0,0,0,0,0.0
20,0,0,0,0,0,0,0,0,0,0.5748570135159972
0,0,0,0,0,0,0,0,0,0,0.0
128,4,128,4,24,400,17,100,400,1,115.78247958897066
100,1207,1,200,505,10,100,15,100,10,220.5974107515077
22,100,1207,1,200,505,10,100,15,100,284.13685653916605
0,100,0,0,0,0,0,0,0,0,7.874604491600722
33,0,0,0,0,0,0,0,0,0,0.9485140723013954
0,33,0,0,0,0,0,0,0,0,2.598619482228238
0,-100,0,0,0,17,100,400,1,100,46.43994433621138
0,-100,0,0,0,0,0,0,0,0,-7.874604491600722
0,0,0,0,0,-200,-17,-100,-400,-1,-66.33043162628701
100,55,33,1207,1,200,505,10,100,15,289.44379465720135
0,0,0,0,0,17,100,400,1,100,54.314548827812104
-55,-33,-1207,-1,-200,-505,-10,-100,-15,-100,-279.80938560209495
-22,0,0,0,0,0,0,0,0,0,-0.632342714867597
0,0,0,0,0,-200,-17,-100,-400,-1,-66.33043162628701
0,0,0,0,0,-200,0,0,0,0,-23.417779114247676
0,-1207,-1,-200,-505,-10,-100,-15,-100,-10,-217.72312568392772
-1207,-1,-200,-505,-10,-100,-15,-100,-10,-110,-178.5649651383297
-20,-128,-4,-128,-4,-24,-400,-17,-100,-400,-109.54855740143519
0,200,1,0,0,0,0,0,0,0,15.890493228468474
0,200,0,0,0,0,0,0,0,0,15.749208983201443
0,0,0,0,0,0,200,0,0,0,17.719061283295172
0,0,0,0,0,0,17,100,400,1,42.91265251203933
2,1207,200,1,505,10,100,15,100,10,213.0498175209838
0,0,0,0,0,0,-200,-17,-100,-400,-56.12330412099105
-1207,-200,-1,-505,-10,-100,-15,-100,-10,-110,-166.11986326847617
0,0,0,0,0,0,-200,0,0,0,-17.719061283295172
0,-1,-505,-10,-100,-15,-100,-10,-110,-100,-114.40781674579307
0,0,200,505,10,100,15,100,10,110,143.79359832772323
0,0,200,0,0,0,0,0,0,0,28.256849053406004
0,200,1,0,0,0,0,0,0,0,15.890493228468474
0,0,0,0,0,0,200,0,0,0,17.719061283295172
0,0,0,0,0,0,-400,0,0,0,-35.438122566590344
-12,-20,-128,-4,-128,-4,-24,-400,-17,-100,-85.59159620991224
0,0,0,0,0,0,400,17,100,400,73.84236540428623
0,-1,-505,-10,-100,-15,-100,-10,-110,-100,-114.40781674579307
0,0,200,505,10,100,15,100,10,110,143.79359832772323
0,0,200,0,0,0,0,0,0,0,28.256849053406004
0,0,200,0,0,0,0,0,0,0,28.256849053406004
0,0,0,0,0,0,0,0,-2,-100,-7.360018816953634
0,0,0,0,0,0,0,0,0,0,0.0
8,0,0,0,0,0,0,0,0,0,0.2299428054063989
0,0,0,0,0,0,0,0,0,0,0.0
20,128,4,128,4,400,17,2,100,400,118.28503445038511
22,100,1207,1,200,505,10,100,15,100,284.13685653916605
0,100,0,0,0,0,0,0,0,0,7.874604491600722
0,-100,0,0,0,0,0,0,0,0,-7.874604491600722
0,-1207,-1,-200,-505,-10,-100,-15,-100,-10,-217.72312568392772
69,0,0,0,0,0,0,0,0,0,1.9832566966301903
0,69,1207,1,200,505,10,100,15,100,281.06338643190225
100,91,69,1207,1,200,505,10,100,15,297.3648851037907
0,0,0,0,0,17,2,100,400,1,43.57423414050324
-91,-69,-1207,-1,-200,-505,-10,-100,-15,-100,-283.6789858434
-22,0,0,0,0,0,0,0,0,0,-0.632342714867597
0,0,0,0,0,-200,-17,-2,-100,-400,-61.9711968326982
0,0,0,0,0,-200,0,0,0,0,-23.417779114247676
0,-1207,-1,-200,-505,-10,-100,-15,-100,-10,-217.72312568392772
-1207,-1,-200,-505,-10,-100,-15,-100,-10,-110,-178.5649651383297
0,0,0,0,0,200,0,0,0,0,23.417779114247676
0,0,0,0,0,-400,0,0,0,0,-46.83555822849535
0,0,-505,-10,-100,-15,-100,-10,-110,-100,-114.32907070087705
0,0,200,505,10,100,15,100,10,110,143.79359832772323
0,0,200,0,0,0,0,0,0,0,28.256849053406004
0,200,1,0,0,0,0,0,0,0,15.890493228468474
0,-1,-505,-10,-100,-15,-100,-10,-110,-100,-114.40781674579307
-2,-20,-128,-4,-128,-4,-400,-17,-2,-100,-82.75785636982471
0,0,200,505,10,100,15,100,10,110,143.79359832772323
0,0,200,0,0,0,0,0,0,0,28.256849053406004
0,0,200,0,0,0,0,0,0,0,28.256849053406004
0,0,-505,-10,-100,-15,-100,-10,-110,-100,-114.32907070087705
0,0,200,505,10,100,15,100,10,110,143.79359832772323
0,200,1,0,0,0,0,0,0,0,15.890493228468474
0,0,0,0,0,0,0,0,100,400,36.8663714655937
0,0,0,0,0,0,17,100,400,1,42.91265251203933
0,0,0,0,0,0,-400,-17,-100,-400,-73.84236540428623
200,-1,-505,-10,-100,-15,-100,-10,-110,-100,-108.6592466106331
0,-6,0,0,0,0,0,0,0,0,-0.47247626949604327
200,1207,1,505,10,100,15,100,10,110,216.47307986836498
-2,-2,-26,-128,-4,-128,-4,-400,-17,-100,-85.6627355214973
0,0,0,0,0,0,400,17,100,400,73.84236540428623
0,0,0,0,0,400,17,100,400,1,89.74821074053469
0,0,0,0,0,-200,0,0,0,0,-23.417779114247676
-1207,-1,-505,-10,-100,-15,-100,-10,-110,-100,-149.1004375114835
0,200,1,505,10,100,15,100,10,110,131.42724250278573
0,0,0,0,0,-200,0,0,0,0,-23.417779114247676
0,0,0,0,0,17,100,400,1,100,54.314548827812104
0,0,0,0,0,-200,-17,-100,-400,-1,-66.33043162628701
0,0,0,0,0,17,100,400,1,100,54.314548827812104
0,0,0,0,0,-400,-17,-100,-400,-1,-89.74821074053469
0,0,0,0,0,0,0,0,0,0,0.0
2,26,128,4,400,17,100,400,1,100,130.09051129061544
100,1207,200,1,505,10,100,15,100,10,215.8666168872122
12,100,1207,200,1,505,10,100,15,100,289.3698689323377
0,100,0,0,0,0,0,0,0,0,7.874604491600722
0,0,100,1207,200,1,505,10,100,15,295.7297491059604
0,-100,0,0,0,0,0,0,0,0,-7.874604491600722
0,-100,-1207,-200,-1,-505,-10,-100,-15,-100,-289.02495472422805
-100,-1207,-200,-1,-505,-10,-100,-15,-100,-10,-215.8666168872122
-1207,-200,-1,-505,-10,-100,-15,-100,-10,-110,-166.11986326847617
200,-1,-505,-10,-100,-15,-100,-10,-110,-100,-108.6592466106331
0,0,0,0,0,0,0,0,0,0,0.0
26,128,4,400,17,100,400,1,100,500,171.0515754418161
100,1407,1,505,10,100,15,100,10,110,229.3480037839864
22,100,1407,1,505,10,100,15,100,10,296.982886849785
100,0,0,0,0,0,0,0,0,0,2.874285067579986
0,0,100,1407,1,505,10,100,15,100,323.97258478045944
0,-100,-1407,-1,-505,-10,-100,-15,-100,-10,-296.3505441349174
-22,0,0,0,0,0,0,0,0,0,-0.632342714867597
0,-1407,-1,-505,-10,-100,-15,-100,-10,-110,-226.4737187164064
-1407,-1,-505,-10,-100,-15,-100,-10,-110,-100,-154.84900764664349
6,0,0,0,0,0,0,0,0,0,0.17245710405479917
-4,-20,-128,-4,-400,-17,-100,-400,-1,-100,-129.675520722471
5,1407,1,505,10,100,15,100,10,110,226.61743296978543
0,-5,0,0,0,0,0,0,0,0,-0.3937302245800361
0,0,0,0,17,100,400,1,100,500,93.63679909154739
0,0,0,0,-400,-17,-100,-400,-1,-100,-109.24101671224402
0,200,1207,1,505,10,100,15,100,10,275.9682995731122
0,-1207,-1,-505,-10,-100,-15,-100,-10,-110,-210.724509733205
0,0,0,200,505,10,100,15,100,10,122.53536522503998
0,0,0,0,-400,0,0,0,0,0,-54.92646788443191
0,0,0,200,0,0,0,0,0,0,33.011415751190434
0,0,0,-200,0,0,0,0,0,0,-33.011415751190434
0,0,200,-505,-10,-100,-15,-100,-10,-110,-87.27990022091126
0,0,-200,0,0,0,0,0,0,0,-28.256849053406004
0,0,0,400,505,10,100,15,100,10,155.54678097623042
0,0,0,-200,0,0,0,0,0,0,-33.011415751190434
0,0,0,200,0,0,0,0,0,0,33.011415751190434
0,0,0,200,0,0,0,0,0,0,33.011415751190434
0,0,0,-200,0,0,0,0,0,0,-33.011415751190434
0,0,200,-505,-10,-100,-15,-100,-10,-110,-87.27990022091126
0,0,-200,0,0,0,0,0,0,0,-28.256849053406004
0,0,0,200,505,10,100,15,100,10,122.53536522503998
0,0,0,200,0,0,0,0,0,0,33.011415751190434
0,0,0,-200,0,0,0,0,0,0,-33.011415751190434
0,200,0,-505,-10,-100,-15,-100,-10,-110,-99.78754029111582
0,0,0,0,0,0,-2,-100,-400,-1,-41.583722915792194
0,0,0,0,0,0,0,0,0,0,0.0
25,128,4,400,17,2,100,400,1,100,132.27862377892478
100,5,1407,1,505,10,100,15,100,10,291.7439549354767
-5,-1407,-1,-505,-10,-100,-15,-100,-10,-110,-226.61743296978543
100,0,0,0,0,0,0,0,0,0,2.874285067579986
0,0,0,-400,0,0,0,0,0,0,-66.02283150238087
0,-200,0,0,0,0,0,0,0,0,-15.749208983201443
0,0,200,1,505,10,100,15,100,10,117.94585560601149
0,0,0,-400,0,0,0,0,0,0,-66.02283150238087
0,0,0,-400,0,0,0,0,0,0,-66.02283150238087
0,0,200,0,0,0,0,0,0,0,28.256849053406004
0,0,0,0,0,0,0,0,0,0,0.0
-5,0,0,0,0,0,0,0,0,0,-0.1437142533789993
-1207,-200,-1,-505,-10,-100,-15,-100,-10,-110,-166.11986326847617
-100,-25,-128,-4,-400,-17,-2,-100,-400,-1,-122.08824992461896
-104,0,0,0,0,0,0,0,0,0,-2.9892564702831854
-100,0,0,0,0,0,0,0,0,0,-2.874285067579986
-100,0,0,0,0,0,0,0,0,0,-2.874285067579986
0,-1,-505,-10,-100,-15,-100,-10,-110,-100,-114.40781674579307
100,0,0,0,0,0,0,0,0,0,2.874285067579986
100,0,0,0,0,0,0,0,0,0,2.874285067579986
100,0,0,0,0,0,0,0,0,0,2.874285067579986
100,0,0,0,0,0,0,0,0,0,2.874285067579986
-128,0,0,0,0,0,0,0,0,0,-3.679084886502382
-128,-132,-25,-128,-4,-400,-17,-2,-100,-400,-124.67121565364316
0,0,0,0,0,17,2,100,400,1,43.57423414050324
0,0,0,0,0,0,0,0,0,0,0.0
132,25,128,4,17,2,100,400,1,100,79.39990940064129
100,1207,1,505,10,100,15,100,10,110,213.598794800785
4,0,0,0,0,0,0,0,0,0,0.11497140270319944
0,100,1207,1,505,10,100,15,100,10,268.09369508151144
0,0,48,1207,1,505,10,100,15,100,283.6143882753834
-200,-48,-1207,-1,-505,-10,-100,-15,-100,-10,-269.747470881039
-100,0,0,0,0,0,0,0,0,0,-2.874285067579986
-48,-1207,-1,-505,-10,-100,-15,-100,-10,-110,-212.1041665656434
0,0,0,200,505,10,100,15,100,10,122.53536522503998
0,0,0,200,0,0,0,0,0,0,33.011415751190434
-1207,-1,-400,-505,-10,-100,-15,-100,-10,-110,-206.82181419173568
0,0,0,0,-400,-17,-2,-100,-400,-1,-98.50070202493515
0,0,-200,0,0,0,0,0,0,0,-28.256849053406004
0,0,-505,-10,-100,-15,-100,-10,-110,-100,-114.32907070087705
0,0,400,505,10,100,15,100,10,110,172.05044738112926
0,0,0,0,-200,0,0,0,0,0,-27.463233942215954
0,0,-505,-10,-100,-15,-100,-10,-110,-100,-114.32907070087705
0,0,0,400,10,100,15,100,10,110,98.20575600494227
0,0,0,0,17,2,100,400,1,100,54.892590279331884
0,0,0,0,-400,-17,-2,-100,-400,-1,-98.50070202493515
0,0,0,0,0,0,0,0,0,0,0.0
70,0,0,0,0,0,0,0,0,0,2.01199954730599
0,0,0,0,0,0,0,0,0,0,0.0
25,128,4,400,17,2,100,400,1,100,132.27862377892478
100,1207,1,505,400,10,100,15,100,10,256.52162195240976
0,22,1207,1,505,400,10,100,15,100,306.9494200477492
0,0,0,200,0,0,0,0,0,0,33.011415751190434
0,64,100,1207,1,505,400,10,100,15,323.15387440225425
0,0,-64,0,0,0,0,0,0,0,-9.04219169708992
0,0,100,64,1207,1,505,400,10,100,279.48140550331107
-86,-100,-64,-1207,-1,-505,-400,-10,-100,-15,-323.37438434773617
0,-64,-1207,-1,-505,-400,-10,-100,-15,-100,-310.2567539342215
-22,0,0,0,0,0,0,0,0,0,-0.632342714867597
0,0,0,17,2,100,400,1,100,500,94.38302688473237
100,64,64,1207,1,505,400,10,100,15,320.94192664022114
-64,-64,-1207,-1,-505,-400,-10,-100,-15,-100,-312.09629637747264
0,0,0,-200,-17,-2,-100,-400,-1,-100,-87.90400603052232
0,-1207,-1,-505,-400,-10,-100,-15,-100,-10,-253.64733688482977
0,0,0,-200,0,0,0,0,0,0,-33.011415751190434
-1207,-1,-505,-400,-10,-100,-15,-100,-10,-110,-204.32566667539888
0,0,0,200,0,0,0,0,0,0,33.011415751190434
0,0,0,-400,0,0,0,0,0,0,-66.02283150238087
0,0,0,0,0,100,400,1,100,500,91.30242420645902
0,0,0,0,-1,-17,-100,-400,-1,-100,-54.45186499752318
0,0,-200,1,17,100,400,1,100,500,65.54500711689734
0,0,200,0,0,0,0,0,0,0,28.256849053406004
0,0,0,-400,-1,-17,-100,-400,-1,-100,-120.47469649990406
0,0,400,-10,-100,-15,-100,-10,-110,-100,13.5331712657851
0,0,400,505,10,100,15,100,10,110,172.05044738112926
0,0,-505,-10,-100,-15,-100,-10,-110,-100,-114.32907070087705
0,0,400,0,0,0,0,0,0,0,56.51369810681201
0,-200,0,1,17,100,400,1,100,500,78.0526471871019
0,0,400,505,10,100,15,100,10,110,172.05044738112926
200,1207,1,400,505,10,100,15,100,10,256.48311157027814
0,0,0,-505,-10,-100,-15,-100,-10,-110,-115.53674927431726
0,0,0,400,0,0,0,0,0,0,66.02283150238087
0,-200,0,0,0,0,0,0,0,0,-15.749208983201443
0,200,0,0,0,0,0,0,0,0,15.749208983201443
0,0,0,-400,0,0,0,0,0,0,-66.02283150238087
0,0,0,0,400,10,100,15,100,10,75.10575165418618
0,-200,0,0,0,0,0,0,0,0,-15.749208983201443
-20,-25,-528,-4,-1,-17,-100,-400,-1,-100,-132.25368294995502
0,0,200,0,0,0,0,0,0,0,28.256849053406004
0,0,0,400,-10,-100,-15,-100,-10,-110,33.83990699981946
0,0,200,0,0,0,0,0,0,0,28.256849053406004
0,0,0,0,-400,-1,-17,-100,-400,-1,-97.95620929204247
0,0,200,-400,0,0,0,0,0,0,-37.76598244897487
0,0,0,0,0,0,0,0,0,0,0.0
25,128,4,400,1,17,100,400,1,100,131.8378984971161
100,200,1207,201,505,10,100,15,100,10,311.85400039188255
1,0,0,0,0,0,0,0,0,0,0.02874285067579986
100,0,0,0,0,0,0,0,0,0,2.874285067579986
-200,0,0,0,0,0,0,0,0,0,-5.748570135159972
4,0,0,0,0,0,0,0,0,0,0.11497140270319944
100,0,0,0,0,0,0,0,0,0,2.874285067579986
-4,0,0,0,0,0,0,0,0,0,-0.11497140270319944
-1,0,0,0,0,0,0,0,0,0,-0.02874285067579986
-200,-1207,-201,-505,-10,-100,-15,-100,-10,-110,-244.72992892177095
100,0,0,0,0,0,0,0,0,0,2.874285067579986
-100,0,0,0,0,0,0,0,0,0,-2.874285067579986
100,200,1207,201,505,10,100,15,100,10,311.85400039188255
100,0,0,0,0,0,0,0,0,0,2.874285067579986
0,0,0,1,17,100,400,1,100,500,93.80185617030334
0,0,0,0,0,0,0,0,0,0,0.0
20,0,0,0,0,0,0,0,0,0,0.5748570135159972
128,4,1,17,100,400,1,100,500,105,124.56220824287954
100,200,200,1207,201,505,10,100,15,100,351.1763215489694
1,100,200,200,1207,201,505,10,100,15,313.24420468100107
0,100,0,0,0,0,0,0,0,0,7.874604491600722
0,-100,0,0,0,0,0,0,0,0,-7.874604491600722
0,-200,-200,-1207,-201,-505,-10,-100,-15,-100,-348.3020364813894
0,-100,0,0,0,0,0,0,0,0,-7.874604491600722
0,0,0,0,-200,0,0,0,0,0,-27.463233942215954
0,0,0,0,200,0,0,0,0,0,27.463233942215954
-100,-200,-1207,-201,-505,-10,-100,-15,-100,-10,-311.85400039188255
-200,-1207,-201,-505,-10,-100,-15,-100,-10,-110,-244.72992892177095
0,0,-400,-1,-17,-100,-400,-1,-100,-500,-150.31555427711535
0,0,0,0,0,0,0,0,0,0,0.0
0,0,0,0,0,0,0,0,0,0,0.0
25,0,0,0,0,0,0,0,0,0,0.7185712668949965
100,200,1207,201,505,10,100,15,100,10,311.85400039188255
0,0,200,0,0,0,0,0,0,0,28.256849053406004
4,200,1,17,100,400,1,100,500,105,136.43231956261778
200,1,17,100,400,1,100,500,105,63,146.88022261482828
1,17,100,400,1,100,500,105,63,60,156.56570291710224
-200,-1207,-201,-505,-10,-100,-15,-100,-10,-110,-244.72992892177095
-200,-1,-17,-100,-400,-1,-100,-500,-105,-63,-146.88022261482828
-200,0,0,0,0,0,0,0,0,0,-5.748570135159972
1,17,100,400,1,100,500,105,63,60,156.56570291710224
0,-200,-17,-100,-400,-1,-100,-500,-105,-63,-156.80211541795373
0,0,200,1,505,10,100,15,100,10,117.94585560601149
0,0,-1,-505,-10,-100,-15,-100,-10,-110,-115.67803351958429
0,0,200,0,0,0,0,0,0,0,28.256849053406004
0,0,-200,0,0,0,0,0,0,0,-28.256849053406004
0,0,0,400,505,10,100,15,100,10,155.54678097623042
0,-200,0,0,0,0,0,0,0,0,-15.749208983201443
0,0,200,-505,-10,-100,-15,-100,-10,-110,-87.27990022091126
0,-200,0,0,0,0,0,0,0,0,-15.749208983201443
0,0,0,0,0,0,0,0,0,0,0.0
0,0,0,-2,-100,-400,-1,-100,-500,-105,-117.9509987501068
0,0,200,1,505,10,100,15,100,10,117.94585560601149
0,0,-1,-505,-10,-100,-15,-100,-10,-110,-115.67803351958429
0,0,200,0,0,0,0,0,0,0,28.256849053406004
-128,-1,-200,-17,-2,-100,-400,-1,-100,-500,-126.39770686955677
0,0,17,2,100,400,1,100,500,105,120.35283091964632
0,0,-200,-17,-2,-100,-400,-1,-100,-500,-122.63987593813837
0,0,17,2,100,400,1,100,500,105,120.35283091964632
0,0,-200,-17,-2,-100,-400,-1,-100,-500,-122.63987593813837
0,0,-200,0,0,0,0,0,0,0,-28.256849053406004
0,0,200,0,0,0,0,0,0,0,28.256849053406004
0,0,-400,0,0,0,0,0,0,0,-56.51369810681201
0,-400,-1,0,0,0,0,0,0,0,-31.639702211669917
0,0,-200,0,0,0,0,0,0,0,-28.256849053406004
0,0,0,200,505,10,100,15,100,10,122.53536522503998
0,0,0,200,0,0,0,0,0,0,33.011415751190434
0,0,0,-200,0,0,0,0,0,0,-33.011415751190434
0,0,200,1,0,0,0,0,0,0,28.421906132161958
0,-400,0,0,0,0,0,0,0,0,-31.498417966402886
0,0,-1,-505,-10,-100,-15,-100,-10,-110,-115.67803351958429
0,0,0,200,505,10,100,15,100,10,122.53536522503998
0,-400,0,0,0,0,0,0,0,0,-31.498417966402886
0,0,200,-505,-10,-100,-15,-100,-10,-110,-87.27990022091126
0,0,-200,0,0,0,0,0,0,0,-28.256849053406004
0,0,200,0,0,0,0,0,0,0,28.256849053406004
-200,-128,-400,-1,-17,-2,-100,-400,-1,-100,-127.39940934930873
50,200,1207,201,505,10,100,15,100,10,310.4168578580926
0,0,0,-200,0,0,0,0,0,0,-33.011415751190434
0,0,0,0,200,505,10,100,15,100,104.93476821663657
0,0,-400,0,0,0,0,0,0,0,-56.51369810681201
0,-200,1,17,2,100,400,1,100,500,78.77510214679796
0,0,0,0,200,0,0,0,0,0,27.463233942215954
0,0,0,0,-200,0,0,0,0,0,-27.463233942215954
0,0,0,400,1,0,0,0,0,0,66.16014767209195
0,200,0,0,0,0,0,0,0,0,15.749208983201443
0,0,-200,-1,-17,-2,-100,-400,-1,-100,-83.31449641149383
0,0,0,400,0,0,0,0,0,0,66.02283150238087
0,0,-200,0,0,0,0,0,0,0,-28.256849053406004
0,0,0,-1,-505,-10,-100,-15,-100,-10,-89.68900655260549
0,0,0,0,200,505,10,100,15,100,104.93476821663657
128,200,1,17,2,100,400,1,100,500,113.95260499970323
0,0,0,0,0,0,0,0,0,0,0.0
-200,-1207,-1,-200,-505,-10,-100,-15,-100,-10,-223.4716958190877
0,0,0,0,0,0,0,0,0,0,0.0
-100,-13,-128,-200,-1,-17,-2,-100,-400,-1,-98.70533310707269
0,0,-200,-128,-200,-1,-17,-2,-100,-400,-115.5178956904056
0,0,0,-41,-128,-200,-1,-17,-2,-100,-56.74807456173221
13,100,41,128,200,1,17,2,100,400,101.30196224333393
0,41,128,200,1,17,2,100,400,1,98.03593729714089
41,128,200,1,17,2,100,400,1,100,94.57244703845056
0,0,0,-505,-10,-100,-15,-100,-10,-110,-115.53674927431726
0,0,0,0,400,10,100,15,100,10,75.10575165418618
0,0,0,0,0,0,0,0,0,0,0.0
100,200,1207,1,505,400,10,100,15,100,323.84050111037845
-200,-1207,-1,-505,-400,-10,-100,-15,-100,-10,-259.39590701998975
100,200,1207,1,505,400,10,100,15,100,323.84050111037845
128,200,1,17,2,100,400,1,100,500,113.95260499970323
0,0,0,0,0,0,0,0,0,0,0.0
0,0,0,0,0,0,0,0,0,0,0.0
65,0,0,0,0,0,0,0,0,0,1.868285293926991
0,0,0,0,200,505,0,0,0,0,86.59312620569133
0,0,0,0,200,0,0,0,0,0,27.463233942215954
0,0,0,0,-200,0,0,0,0,0,-27.463233942215954
0,0,0,0,400,0,0,0,0,0,54.92646788443191
10,100,200,1207,1,400,505,10,100,15,337.4127581914414
0,0,0,0,400,1,0,0,0,0,55.043556780003144
0,-200,-1207,-400,-1,-505,-10,-100,-15,-100,-329.91097496701923
-200,1,17,2,100,400,1,100,500,105,114.68300682940236
200,0,0,0,0,0,0,0,0,0,5.748570135159972
0,-400,0,0,0,0,0,0,0,0,-31.498417966402886
0,0,200,-1,-505,-10,-100,-15,-100,-10,-61.4321574991995
0,0,0,100,400,1,100,500,105,63,138.65107426521277
0,0,-200,0,0,0,0,0,0,0,-28.256849053406004
0,0,0,200,1,505,10,100,15,100,110.62026619532213
0,0,0,0,0,0,0,0,0,0,0.0
-390,-1270,-601,-18,-605,-410,-101,-115,-600,-115,-406.2448816964278
0,-100,-63,-401,-17,-100,-400,-1,-100,-500,-176.60019961610783
0,-6,-100,-63,-401,-17,-100,-400,-1,-100,-134.37782963977912
0,0,0,-29,-63,-401,-17,-100,-400,-1,-103.30287361182656
0,0,29,63,401,17,100,400,1,100,123.87417195632395
0,-128,-6,-29,-63,-401,-17,-100,-400,-1,-114.23007283267766
0,0,-1,-505,-10,-100,-15,-100,-10,-110,-115.67803351958429
0,0,0,0,401,17,100,400,1,100,109.37833288195509
0,0,0,0,-400,-1,-17,-100,-400,-1,-97.95620929204247
0,0,400,0,0,0,0,0,0,0,56.51369810681201
0,0,29,400,1,17,100,400,1,100,124.57193961264791
0,0,400,1,17,100,400,1,100,500,150.31555427711535
0,0,-200,0,0,0,0,0,0,0,-28.256849053406004
0,0,-200,0,0,0,0,0,0,0,-28.256849053406004
128,200,1,17,100,400,1,100,500,105,139.99643304641697
-100,-128,-200,-1,-17,-100,-400,-1,-100,-500,-135.01248404053825
128,200,1,17,100,400,1,100,500,105,139.99643304641697
0,0,0,0,0,0,0,0,0,0,0.0
-90,0,0,0,0,0,0,0,0,0,-2.5868565608219876
0,0,-400,0,0,0,0,0,0,0,-56.51369810681201
0,-6,-200,-1,-17,-100,-400,-1,-100,-500,-122.5311814932054
0,200,1,17,100,400,1,100,500,105,136.3173481599146
0,0,0,200,505,10,100,15,100,10,122.53536522503998
-1207,-1,-200,-505,-10,-100,-15,-100,-10,-110,-178.5649651383297
0,0,200,0,0,0,0,0,0,0,28.256849053406004
0,0,-200,0,0,0,0,0,0,0,-28.256849053406004
0,0,-505,-10,-100,-15,-100,-10,-110,-100,-114.32907070087705
0,0,200,505,10,100,15,100,10,110,143.79359832772323
1,1207,1,200,505,10,100,15,100,10,217.75186853460352
0,0,0,0,0,0,0,0,0,0,0.0
-1207,-1,-200,-505,-10,-100,-15,-100,-10,-110,-178.5649651383297
-1,-128,-200,-1,-17,-100,-400,-1,-100,-500,-132.16694182363406
0,0,-505,-10,-100,-15,-100,-10,-110,-100,-114.32907070087705
0,-6,0,0,0,0,0,0,0,0,-0.47247626949604327
-4,0,0,0,0,0,0,0,0,0,-0.11497140270319944
0,-100,-134,-200,-1,-17,-100,-400,-1,-100,-114.26997410609637
0,134,200,1,17,100,400,1,100,500,132.6106752424543
0,6,0,0,0,0,0,0,0,0,0.47247626949604327
4,0,0,0,0,0,0,0,0,0,0.11497140270319944
0,0,400,505,10,100,15,100,10,110,172.05044738112926
128,200,1,17,100,400,1,100,500,105,139.99643304641697
0,0,-505,-10,-100,-15,-100,-10,-110,-100,-114.32907070087705
0,0,0,400,10,100,15,100,10,110,98.20575600494227
0,0,0,0,0,0,0,0,0,0,0.0
0,0,0,0,0,0,0,0,0,0,0.0
100,0,0,0,0,0,0,0,0,0,2.874285067579986
100,1207,1,505,400,10,100,15,100,10,256.52162195240976
0,1,17,100,400,1,100,500,105,63,141.1316524796683
0,-200,-1,-17,-100,-400,-1,-100,-500,-105,-136.3173481599146
-1207,-1,-505,-400,-10,-100,-15,-100,-10,-110,-204.32566667539888
0,0,400,505,0,0,0,0,0,0,139.86752287856785
0,1,17,100,400,1,100,500,105,63,141.1316524796683
0,-200,-1,-17,-100,-400,-1,-100,-500,-105,-136.3173481599146
0,-200,0,0,0,0,0,0,0,0,-15.749208983201443
0,0,-505,-10,-100,-15,-100,-10,-110,-100,-114.32907070087705
0,0,0,400,10,100,15,100,10,110,98.20575600494227
100,1207,1,505,400,10,100,15,100,10,256.52162195240976
0,0,0,0,0,0,0,0,0,0,0.0
10,100,1207,1,505,400,10,100,15,100,313.37904005795576
0,-1207,-1,-505,-400,-10,-100,-15,-100,-10,-253.64733688482977
0,0,0,0,0,0,0,0,0,0,0.0
200,1,17,100,400,1,100,500,105,63,146.88022261482828
100,10,1207,1,505,400,10,100,15,100,308.8787525763371
6,100,10,1207,1,505,400,10,100,15,313.44560704925254
0,100,0,0,0,0,0,0,0,0,7.874604491600722
0,76,0,0,0,0,0,0,0,0,5.984699413616548
0,-100,0,0,0,0,0,0,0,0,-7.874604491600722
0,-100,0,0,0,0,0,0,0,0,-7.874604491600722
1,17,100,400,1,100,500,105,63,60,156.56570291710224
0,0,0,0,0,400,505,0,0,0,91.57618796881567
-76,-10,-1207,-1,-400,-505,-10,-100,-15,-100,-306.06506037543454
-10,-1207,-1,-400,-505,-10,-100,-15,-100,-10,-251.02196994187616
-400,-1,-17,-100,-400,-1,-100,-500,-105,-63,-152.62879274998824
0,0,0,200,0,0,0,0,0,0,33.011415751190434
0,0,0,200,0,0,0,0,0,0,33.011415751190434
200,0,0,0,0,0,0,0,0,0,5.748570135159972
0,0,0,-200,0,0,0,0,0,0,-33.011415751190434
0,0,200,1,0,0,0,0,0,0,28.421906132161958
0,0,200,0,0,0,0,0,0,0,28.256849053406004
0,0,-1,-505,-10,-100,-15,-100,-10,-110,-115.67803351958429
-15,-200,-1,-17,-100,-400,-1,-100,-500,-105,-136.74849092005158
0,0,200,1,505,10,100,15,100,10,117.94585560601149
0,0,-1,-505,-10,-100,-15,-100,-10,-110,-115.67803351958429
0,0,400,0,0,0,0,0,0,0,56.51369810681201
0,0,0,0,0,0,0,0,0,0,0.0
30,10,1207,401,505,10,100,15,100,10,327.8916680617257
0,0,0,0,0,0,0,0,0,0,0.0
-10,-1207,-401,-505,-10,-100,-15,-100,-10,-110,-267.525636346775
148,10,1207,401,505,10,100,15,100,10,331.28332444147003
0,0,0,0,0,0,0,0,0,0,0.0
200,1,17,100,400,1,100,500,105,63,146.88022261482828
100,148,10,1207,401,505,10,100,15,100,347.70075455481725
-148,-10,-1207,-401,-505,-10,-100,-15,-100,-10,-331.28332444147003
1,17,100,400,1,100,500,105,63,60,156.56570291710224
0,100,10,1207,401,505,10,100,15,100,341.04665933126887
0,0,0,0,0,0,0,0,0,0,0.0
0,-10,-1207,-401,-505,-10,-100,-15,-100,-10,-327.02938254145164
-10,-1207,-401,-505,-10,-100,-15,-100,-10,-110,-267.525636346775
-200,-1,-17,-100,-400,-1,-100,-500,-105,-63,-146.88022261482828
100,10,1207,401,505,10,100,15,100,10,329.90366760903163
1,17,100,400,1,100,500,105,63,60,156.56570291710224
-200,-1,-17,-100,-400,-1,-100,-500,-105,-63,-146.88022261482828
0,0,0,-200,0,0,0,0,0,0,-33.011415751190434
0,0,0,200,0,0,0,0,0,0,33.011415751190434
-10,-1207,-401,-505,-10,-100,-15,-100,-10,-110,-267.525636346775
0,0,-200,0,0,0,0,0,0,0,-28.256849053406004
0,0,400,1,505,10,100,15,100,10,146.2027046594175
1,17,100,400,1,100,500,105,63,60,156.56570291710224
0,-200,-17,-100,-400,-1,-100,-500,-105,-63,-156.80211541795373
0,0,400,0,0,0,0,0,0,0,56.51369810681201
-200,17,100,400,1,100,500,105,63,60,150.7883899312665
0,0,-1,-505,-10,-100,-15,-100,-10,-110,-115.67803351958429
0,0,200,1,505,10,100,15,100,10,117.94585560601149
0,0,200,0,0,0,0,0,0,0,28.256849053406004
0,0,-2,-100,-400,-1,-100,-500,-105,-63,-138.93364275574683
0,0,-200,0,0,0,0,0,0,0,-28.256849053406004
0,0,400,0,0,0,0,0,0,0,56.51369810681201
0,0,-200,0,0,0,0,0,0,0,-28.256849053406004
0,0,-1,-505,-10,-100,-15,-100,-10,-110,-115.67803351958429
0,0,0,200,505,10,100,15,100,10,122.53536522503998
-200,0,0,0,0,0,0,0,0,0,-5.748570135159972
0,0,0,200,0,0,0,0,0,0,33.011415751190434
0,0,0,-200,0,0,0,0,0,0,-33.011415751190434
0,0,400,1,0,0,0,0,0,0,56.67875518556796
-21,-401,-17,-2,-100,-400,-1,-100,-500,-105,-152.53359479515703
401,17,2,100,400,1,100,500,105,63,151.7982086403147
200,0,0,0,0,0,0,0,0,0,5.748570135159972
0,0,400,0,0,0,0,0,0,0,56.51369810681201
0,0,-1,-505,-10,-100,-15,-100,-10,-110,-115.67803351958429
0,0,0,200,505,10,100,15,100,10,122.53536522503998
-200,-1,-17,-2,-100,-400,-1,-100,-500,-105,-126.18014709972232
-1,-200,-1,-17,-2,-100,-400,-1,-100,-500,-110.30226296387664
-2,-1,-200,-1,-17,-2,-100,-400,-1,-100,-83.45072815776145
0,0,0,-505,-10,-100,-15,-100,-10,-110,-115.53674927431726
1,200,1,17,2,100,400,1,100,500,110.30226296387664
0,0,0,400,505,10,100,15,100,10,155.54678097623042
0,1,17,2,100,400,1,100,500,105,120.43157696456234
0,0,-400,-17,-2,-100,-400,-1,-100,-500,-150.8967249915444
0,0,200,0,0,0,0,0,0,0,28.256849053406004
0,0,0,400,0,0,0,0,0,0,66.02283150238087
0,0,17,2,100,400,1,100,500,105,120.35283091964632
0,0,-400,-17,-2,-100,-400,-1,-100,-500,-150.8967249915444
0,0,-400,0,0,0,0,0,0,0,-56.51369810681201
0,0,0,0,0,0,0,0,9,0,0.7264854976088317
0,0,0,0,100,400,1,100,500,105,117.6208845925949
0,-200,-1,0,0,0,0,0,0,0,-15.890493228468474
0,-200,0,0,0,0,0,0,0,0,-15.749208983201443
0,0,0,0,0,0,0,0,0,0,0.0
-1207,-1,-400,-505,-10,-100,-15,-109,-10,-110,-207.63598138873093
-100,-1,-200,-1,-17,-100,-400,-1,-100,-500,-125.01173633620533
-13,-100,-1,-200,-1,-17,-100,-400,-1,-100,-95.85282654436678
-17,0,0,0,0,0,0,0,0,0,-0.4886284614885976
0,1,200,1,17,100,400,1,100,500,122.13745126862534
0,-17,-1,-200,-1,-17,-100,-400,-1,-100,-88.94324775755277
0,-100,-17,-1,-200,-1,-17,-100,-400,-1,-80.93446908972271
0,17,1,200,1,17,100,400,1,100,88.94324775755277
13,0,0,0,0,0,0,0,0,0,0.3736570587853982
0,1,200,1,17,100,400,1,100,500,122.13745126862534
1,200,1,17,100,400,1,100,500,105,136.34609101059038
0,0,-505,-10,-100,-15,-109,-10,-110,-100,-115.12642845862534
0,0,200,505,10,100,15,109,10,110,144.60776552471853
0,-200,0,0,0,0,0,0,0,0,-15.749208983201443
0,0,200,0,0,0,0,0,0,0,28.256849053406004
0,0,-505,-10,-100,-15,-109,-10,-110,-100,-115.12642845862534
0,0,200,505,10,100,15,109,10,110,144.60776552471853
200,1,17,100,400,1,100,500,105,63,146.88022261482828
1,17,100,400,1,100,500,105,63,60,156.56570291710224
0,-400,-17,-100,-400,-1,-100,-500,-105,-63,-172.55132440115517
2,1207,1,200,505,10,100,15,109,10,218.50709688288816
0,100,1207,1,200,505,10,100,15,109,284.1523858078721
0,100,100,1207,1,200,505,10,100,15,299.5791260437327
0,0,-1207,-1,-200,-505,-10,-100,-15,-109,-276.2777813162714
0,-1207,-1,-200,-505,-10,-100,-15,-109,-10,-218.44961118153657
-1207,-1,-200,-505,-10,-100,-15,-109,-10,-110,-179.37913233532495
0,17,100,400,1,100,500,105,63,60,156.53696006642647
0,-400,-17,-100,-400,-1,-100,-500,-105,-63,-172.55132440115517
0,17,100,400,1,100,500,105,63,60,156.53696006642647
0,-200,-17,-100,-400,-1,-100,-500,-105,-63,-156.80211541795373
0,-200,0,0,0,0,0,0,0,0,-15.749208983201443
0,200,0,0,0,0,0,0,0,0,15.749208983201443
0,-200,0,0,0,0,0,0,0,0,-15.749208983201443
0,-200,0,0,0,0,0,0,0,0,-15.749208983201443
-200,17,100,400,1,100,500,105,63,60,150.7883899312665
0,0,200,0,0,0,0,0,0,0,28.256849053406004
0,0,-200,0,0,0,0,0,0,0,-28.256849053406004
0,0,400,0,0,0,0,0,0,0,56.51369810681201
0,0,400,0,0,0,0,0,0,0,56.51369810681201
0,200,1,0,0,0,0,0,0,0,15.890493228468474
200,0,0,0,0,0,0,0,0,0,5.748570135159972
0,-200,-17,-100,-400,-1,-100,-500,-105,-63,-156.80211541795373
0,-1,-505,-10,-100,-15,-109,-10,-110,-100,-115.20517450354136
0,0,200,505,10,100,15,109,10,110,144.60776552471853
0,-200,0,0,0,0,0,0,0,0,-15.749208983201443
0,17,100,400,1,100,500,105,63,60,156.53696006642647
0,-200,-17,-100,-400,-1,-100,-500,-105,-63,-156.80211541795373
0,200,-505,-10,-100,-15,-109,-10,-110,-100,-99.3772194754239
0,0,0,0,0,0,1000,0,0,0,88.59530641647586
0,200,1,505,10,100,15,1109,10,110,222.70443158814413
0,17,100,400,1,100,500,105,63,60,156.53696006642647
0,-200,-17,-100,-400,-1,-100,-500,-105,-63,-156.80211541795373
0,-1,-505,-10,-100,-15,-1109,-10,-110,-100,-203.80048092001724
0,0,400,0,0,0,0,0,0,0,56.51369810681201
-128,-1,-200,-17,-100,-400,-1,-100,-500,-105,-152.44153491627048
0,0,-200,0,0,0,0,0,0,0,-28.256849053406004
0,0,200,0,0,0,0,0,0,0,28.256849053406004
0,-200,-1,0,0,0,0,0,0,0,-15.890493228468474
0,-200,0,0,0,0,0,0,0,0,-15.749208983201443
0,0,200,505,10,100,15,1109,10,110,235.07078741308166
-28,0,0,0,0,0,0,0,0,0,-0.8047998189223962
0,0,-505,-10,-100,-15,-1109,-10,-110,-100,-203.72173487510122
0,0,400,0,0,0,0,0,0,0,56.51369810681201
0,0,200,505,10,100,15,1109,10,110,235.07078741308166
4,1207,1,200,505,10,100,15,1109,10,299.28519342966547
0,0,0,0,0,0,0,0,0,0,0.0
65,0,0,0,0,0,0,0,0,0,1.868285293926991
0,200,0,0,0,0,0,0,0,0,15.749208983201443
0,1,17,100,400,1,100,500,105,63,141.1316524796683
100,4,1207,1,200,505,10,100,15,1109,351.45282651614326
-4,-1207,-1,-200,-505,-10,-100,-15,-1109,-10,-299.28519342966547
0,0,0,0,0,0,0,0,0,0,0.0
54,0,0,0,0,0,0,0,0,0,1.5521139364931924
-1207,-1,-200,-505,-10,-100,-15,-1109,-10,-110,-269.84215422368817
0,0,-505,-10,-100,-15,-1109,-10,-110,-100,-203.72173487510122
0,0,400,0,0,0,0,0,0,0,56.51369810681201
0,0,-200,-17,-100,-400,-1,-100,-500,-105,-148.68370398485212
0,0,-200,0,0,0,0,0,0,0,-28.256849053406004
0,0,200,0,0,0,0,0,0,0,28.256849053406004
0,-200,-1,0,0,0,0,0,0,0,-15.890493228468474
10,1207,1,905,10,100,15,1109,10,110,368.3119588277023
0,1,17,100,400,1,100,500,105,63,141.1316524796683
0,0,-400,-17,-100,-400,-1,-100,-500,-105,-176.94055303825812
0,0,0,400,505,10,100,15,1109,10,236.993877319265
0,0,0,0,0,0,0,0,0,0,0.0
9,0,0,0,0,0,0,0,0,0,0.25868565608219873
1,400,17,100,400,1,100,500,105,63,172.58006725183097
0,100,1207,1,400,505,10,100,15,1109,383.60139570271593
0,200,0,0,0,0,0,0,0,0,15.749208983201443
0,17,100,400,1,100,500,105,63,60,156.53696006642647
0,-1207,-1,-400,-505,-10,-100,-15,-1109,-10,-332.1816377781528
0,-400,-17,-100,-400,-1,-100,-500,-105,-63,-172.55132440115517
0,0,200,-505,-10,-100,-15,-1109,-10,-110,-178.55708930626966
0,0,200,1,505,10,100,15,1109,10,199.39295194904608
0,8,1207,200,1,505,10,100,15,1109,354.4139665281569
152,0,0,0,0,0,0,0,0,0,4.3689133027215785
-152,0,0,0,0,0,0,0,0,0,-4.3689133027215785
0,-1207,-200,-1,-505,-10,-100,-15,-1109,-10,-294.4394281626668
0,0,-1,-505,-10,-100,-15,-1109,-10,-110,-206.9552226049427
0,0,200,0,0,0,0,0,0,0,28.256849053406004
0,0,200,0,0,0,0,0,0,0,28.256849053406004
0,200,0,0,0,0,0,0,0,0,15.749208983201443
0,0,-200,0,0,0,0,0,0,0,-28.256849053406004
0,0,400,1,505,10,100,15,1109,10,227.64980100245208
0,17,100,400,1,100,500,105,63,60,156.53696006642647
0,-400,-17,-100,-400,-1,-100,-500,-105,-63,-172.55132440115517
0,200,1207,0,0,0,0,0,0,0,186.27929302050666
0,-400,0,0,0,0,0,0,0,0,-31.498417966402886
0,-1207,-1,-505,-10,-100,-15,-1109,-10,-110,-302.0016988185634
0,0,400,1,505,10,100,15,1109,10,227.64980100245208
0,200,0,0,0,0,0,0,0,0,15.749208983201443
0,17,100,400,1,100,500,105,63,60,156.53696006642647
0,-200,-17,-100,-400,-1,-100,-500,-105,-63,-156.80211541795373
0,-200,0,0,0,0,0,0,0,0,-15.749208983201443
0,200,1207,0,0,0,0,0,0,0,186.27929302050666
0,200,0,0,0,0,0,0,0,0,15.749208983201443
0,-400,0,0,0,0,0,0,0,0,-31.498417966402886
0,0,-100,0,0,0,0,0,0,0,-14.128424526703002
0,-400,0,0,0,0,0,0,0,0,-31.498417966402886
0,0,0,0,0,0,0,0,-1000,0,-80.72061084542575
0,0,0,0,1000,505,10,100,15,109,215.43557596907405
0,200,0,0,0,0,0,0,0,0,15.749208983201443
0,117,100,400,1,100,500,105,63,60,164.41156455802718
0,-400,-117,-100,-400,-1,-100,-500,-105,-63,-186.67974892785816
0,-1207,-1,-1000,-505,-10,-100,-15,-109,-10,-350.4952741862983
0,0,400,1,1000,505,10,100,15,109,272.11433115464206
0,-400,0,0,0,0,0,0,0,0,-31.498417966402886
-1,-1,-400,-117,-100,-400,-1,-100,-500,-105,-193.55374980944515
0,-128,-1,-400,-117,-100,-400,-1,-100,-500,-183.6120255595522
0,0,-1,-1000,-505,-10,-100,-15,-109,-10,-255.4487979726776
0,0,0,-505,-10,-100,-15,-109,-10,-110,-116.35091647131253
0,0,200,1,505,10,100,15,109,10,118.67234110362033
0,0,0,0,0,0,0,0,1000,0,80.72061084542575
0,0,200,0,0,0,0,0,0,0,28.256849053406004
0,100,1207,400,1,505,10,100,15,1109,394.67001841162
0,0,0,0,0,1000,505,10,100,15,171.8860032542743
0,0,0,-200,0,0,0,0,0,0,-33.011415751190434
0,0,400,-1,-1000,-505,-10,-100,-15,-109,-159.086934941018
0,-1607,-1,-1000,-505,-10,-100,-15,-109,-10,-381.99369215270116
0,100,1607,1,1000,505,10,100,15,109,450.519019683548
0,0,0,0,0,0,0,0,0,0,0.0
128,1,400,117,100,400,1,100,500,105,197.2040918452717
1,400,117,100,400,1,100,500,105,63,186.70849177853398
100,100,10,100,1607,1,1000,505,10,100,391.73652968253896
0,1,0,0,0,0,0,0,0,0,0.07874604491600722
0,0,0,0,0,0,0,0,0,0,0.0
0,100,0,0,0,0,0,0,0,0,7.874604491600722
-201,-10,-100,-1607,-1,-1000,-505,-10,-100,-15,-457.96324294649946
41,0,0,0,0,0,0,0,0,0,1.1784568777077944
-1,0,0,0,0,0,0,0,0,0,-0.02874285067579986
-100,0,0,0,0,0,0,0,0,0,-2.874285067579986
0,117,100,400,1,100,500,105,63,60,164.41156455802718
0,0,0,0,0,0,0,0,0,0,0.0
-100,0,0,0,0,0,0,0,0,0,-2.874285067579986
0,-400,-117,-100,-400,-1,-100,-500,-105,-63,-186.67974892785816
-10,-100,-1607,-1,-1000,-505,-10,-100,-15,-109,-450.80644819030596
0,-1607,-1,-1000,-505,-10,-100,-15,-109,-10,-381.99369215270116
0,100,1607,1,1000,505,10,100,15,109,450.519019683548
0,0,0,0,-505,-10,-100,-15,-109,-10,-90.25043497145838
0,0,200,1207,1,505,10,100,15,109,305.73746553954567
0,0,-1207,-1,-505,-10,-100,-15,-109,-10,-260.94557608751956
0,0,400,0,0,0,0,0,0,0,56.51369810681201
0,0,0,0,1000,505,10,100,15,109,215.43557596907405
0,-1607,-1,-1000,-505,-10,-100,-15,-109,-10,-381.99369215270116
0,100,1607,1,1000,505,10,100,15,109,450.519019683548
0,-1607,-1,-1000,-505,-10,-100,-15,-109,-10,-381.99369215270116
0,100,1607,1,1000,505,10,100,15,109,450.519019683548
0,0,400,1207,1,1000,505,10,100,15,427.7609115892317
-1,-1,-400,-117,-100,-400,-1,-100,-500,-105,-193.55374980944515
1,400,117,100,400,1,100,500,105,63,186.70849177853398
0,-400,-1207,-1,-1000,-505,-10,-100,-15,-109,-417.6291350515381
0,100,400,1207,1,1000,505,10,100,15,435.6355160808324
0,0,-1207,-1,-1000,-505,-10,-100,-15,-109,-386.13071708513525
0,0,0,200,1,1000,505,10,100,15,205.03473517517583
0,0,0,200,0,0,0,0,0,0,33.011415751190434
0,0,0,-200,0,0,0,0,0,0,-33.011415751190434
0,0,400,-1,-1000,-505,-10,-100,-15,-109,-159.086934941018
0,-1607,-1,-1000,-505,-10,-100,-15,-109,-10,-381.99369215270116
100,0,0,0,0,0,0,0,0,0,2.874285067579986
0,400,1207,1,1000,505,10,100,15,109,417.6291350515381
-100,0,0,0,0,0,0,0,0,0,-2.874285067579986
100,10,400,1207,1,1000,505,10,100,15,431.4226571059718
100,100,10,400,1207,1,1000,505,10,100,386.3271854248927
100,0,0,0,0,0,0,0,0,0,2.874285067579986
100,200,100,10,400,1207,1,1000,505,10,362.6906376352065
0,117,100,400,1,100,500,105,63,60,164.41156455802718
100,0,0,0,0,0,0,0,0,0,2.874285067579986
0,0,0,0,6,400,1207,1,1000,505,271.7578808148394
0,0,0,0,0,0,0,0,0,0,0.0
117,100,400,1,100,500,105,63,60,124,168.9634883845127
6,200,200,100,10,6,400,1207,1,1000,279.4534046361136
0,24,200,200,100,10,6,400,1207,1,212.27921946962658
0,0,0,0,0,0,0,0,0,0,0.0
0,0,0,-100,0,0,0,0,0,0,-16.505707875595217
0,0,4,0,0,0,0,0,0,0,0.56513698106812
0,0,-100,0,0,0,0,0,0,0,-14.128424526703002
0,0,-100,0,0,0,0,0,0,0,-14.128424526703002
0,0,0,0,0,0,-400,-1207,-1,-1000,-216.69348654931792
0,0,-100,-100,-10,-400,-1207,-1,-1000,-505,-302.9412778959819
0,0,-100,-10,-400,-1207,-1,-1000,-505,-10,-344.0671435844251
-24,-100,-10,-400,-1207,-1,-1000,-505,-10,-100,-384.14272877353187
-100,-10,-400,-1207,-1,-1000,-505,-10,-100,-15,-431.4226571059718
-400,-117,-100,-400,-1,-100,-500,-105,-63,-60,-175.9087048283471
200,0,0,0,0,0,0,0,0,0,5.748570135159972
117,100,400,1,100,500,105,63,60,124,168.9634883845127
-200,-117,-100,-400,-1,-100,-500,-105,-63,-60,-170.16013469318716
-200,0,0,0,0,0,0,0,0,0,-5.748570135159972
0,0,-200,0,0,0,0,0,0,0,-28.256849053406004
0,0,-1207,-1,-1000,-505,-10,-100,-15,-109,-386.13071708513525
6,0,0,0,0,0,0,0,0,0,0.17245710405479917
3,106,10,1207,1,1000,505,10,100,15,381.0933652482141
200,0,0,0,0,0,0,0,0,0,5.748570135159972
117,100,400,1,100,500,105,63,60,124,168.9634883845127
0,-6,0,0,0,0,0,0,0,0,-0.47247626949604327
-100,-10,-1207,-1,-1000,-505,-10,-100,-15,-109,-389.79246260187534
3,100,10,1207,1,1000,505,10,100,15,380.6208889787181
-100,-10,-1207,-1,-1000,-505,-10,-100,-15,-109,-389.79246260187534
-200,0,0,0,0,0,0,0,0,0,-5.748570135159972
0,0,400,1207,1,1000,505,10,100,15,427.7609115892317
-200,0,0,0,0,0,0,0,0,0,-5.748570135159972
-10,-400,-1207,-1,-1000,-505,-10,-100,-15,-109,-417.9165635582961
100,10,400,1207,1,1000,505,10,100,15,431.4226571059718
200,0,0,0,0,0,0,0,0,0,5.748570135159972
200,0,0,0,0,0,0,0,0,0,5.748570135159972
0,-200,-100,-400,-1,-100,-500,-105,-63,-60,-170.9474862860558
0,-200,0,0,0,0,0,0,0,0,-15.749208983201443
-10,-400,-1207,-1,-1000,-505,-10,-100,-15,-109,-417.9165635582961
100,10,400,1207,1,1000,505,10,100,15,431.4226571059718
0,200,0,0,0,0,0,0,0,0,15.749208983201443
0,-200,0,0,0,0,0,0,0,0,-15.749208983201443
0,100,400,1,100,500,105,63,60,124,165.6005748554441
0,-400,-100,-400,-1,-100,-500,-105,-63,-60,-186.69669526925722
0,-200,0,0,0,0,0,0,0,0,-15.749208983201443
-10,-400,-1207,-1,-1000,-505,-10,-100,-15,-109,-417.9165635582961
100,10,400,1207,1,1000,505,10,100,15,431.4226571059718
0,0,0,0,0,0,0,0,0,0,0.0
0,100,400,1,100,500,105,63,60,124,165.6005748554441
0,-400,-100,-400,-1,-100,-500,-105,-63,-60,-186.69669526925722
20,100,10,400,1207,1,1000,505,10,100,384.0277573708287
0,0,0,0,0,0,0,0,0,0,0.0
-100,-10,-400,-1207,-1,-1000,-505,-10,-100,-15,-431.4226571059718
0,0,200,0,0,0,0,0,0,0,28.256849053406004
0,0,-1207,-1,-1000,-505,-10,-100,-15,-109,-386.13071708513525
0,0,400,1207,1,1000,505,10,100,15,427.7609115892317
0,-200,0,0,0,0,0,0,0,0,-15.749208983201443
-10,-400,-1207,-1,-1000,-505,-10,-100,-15,-109,-417.9165635582961
100,10,400,1207,1,1000,505,10,100,15,431.4226571059718
0,0,200,0,0,0,0,0,0,0,28.256849053406004
0,200,-1207,-1,-1000,-505,-10,-100,-15,-109,-370.3815081019338
0,100,400,1,100,500,105,63,60,124,165.6005748554441
0,-400,-100,-400,-1,-100,-500,-105,-63,-60,-186.69669526925722
0,-200,0,0,0,0,0,0,0,0,-15.749208983201443
0,100,400,1,100,500,105,63,60,124,165.6005748554441
0,-400,-100,-400,-1,-100,-500,-105,-63,-60,-186.69669526925722
0,-200,0,0,0,0,0,0,0,0,-15.749208983201443
0,0,0,0,0,0,0,124,0,0,11.217414714157028
-210,-1207,-1,-1000,-505,-10,-224,-15,-109,-10,-367.5170908238593
100,210,1207,1,1000,505,10,224,15,109,416.7590862992338
0,100,400,1,100,500,105,63,60,1,156.74632441327088
0,-400,-100,-400,-1,-100,-500,-105,-63,-60,-186.69669526925722
0,-200,0,0,0,0,0,0,0,0,-15.749208983201443
0,200,10,1207,1,1000,505,10,224,15,398.4186206631242
-200,-10,-1207,-1,-1000,-505,-10,-224,-15,-109,-403.88416238361236
100,200,10,1207,1,1000,505,10,224,15,401.2929057307042
0,100,400,1,100,500,105,63,60,1,156.74632441327088
0,-400,-100,-400,-1,-100,-500,-105,-63,-60,-186.69669526925722
0,-200,0,0,0,0,0,0,0,0,-15.749208983201443
0,200,0,0,0,0,0,0,0,0,15.749208983201443
0,-10,-1207,-1,-1000,-505,-10,-224,-15,-109,-398.1355922484524
0,200,10,1207,1,1000,505,10,224,15,398.4186206631242
-200,-10,-1207,-1,-1000,-505,-10,-224,-15,-109,-403.88416238361236
100,200,10,1207,1,1000,505,10,224,15,401.2929057307042
0,-10,-1207,-1,-1000,-505,-10,-224,-15,-109,-398.1355922484524
0,0,200,1207,1,1000,505,10,224,15,409.51341828065847
0,200,10,0,0,0,0,0,0,0,17.162051435871742
-200,-10,-1207,-1,-1000,-505,-10,-224,-15,-109,-403.88416238361236
100,200,10,1207,1,1000,505,10,224,15,401.2929057307042
0,-10,-1207,-1,-1000,-505,-10,-224,-15,-109,-398.1355922484524
0,0,200,1207,1,1000,505,10,224,15,409.51341828065847
-10,-200,-1207,-1,-1000,-505,-10,-224,-15,-109,-413.3847692892517
100,10,200,1207,1,1000,505,10,224,15,413.1751637973985
0,0,200,0,0,0,0,0,0,0,28.256849053406004
-10,-200,-1207,-1,-1000,-505,-10,-224,-15,-109,-413.3847692892517
100,10,200,1207,1,1000,505,10,224,15,413.1751637973985
0,0,200,0,0,0,0,0,0,0,28.256849053406004
0,0,200,0,0,0,0,0,0,0,28.256849053406004
-10,0,0,0,0,0,0,0,0,0,-0.2874285067579986
0,0,-1207,-1,-1000,-505,-10,-224,-15,-109,-397.3481317992923
0,0,200,1207,1,1000,505,10,224,15,409.51341828065847
0,0,200,0,0,0,0,0,0,0,28.256849053406004
0,100,400,1,100,500,105,63,60,1,156.74632441327088
0,-400,-100,-400,-1,-100,-500,-105,-63,-60,-186.69669526925722
0,0,-200,0,0,0,0,0,0,0,-28.256849053406004
0,400,10,0,0,0,0,0,0,0,32.91126041907319
-400,-10,-1207,-1,-1000,-505,-10,-224,-15,-109,-409.63273251877234
100,400,10,1207,1,1000,505,10,224,15,417.0421147139057
0,-10,-1207,-1,-1000,-505,-10,-224,-15,-109,-398.1355922484524
0,0,200,1207,1,1000,505,10,224,15,409.51341828065847
0,0,-1207,-1,-1000,-505,-10,-224,-15,-109,-397.3481317992923
0,0,200,1207,1,1000,505,10,224,15,409.51341828065847
0,0,200,0,0,0,0,0,0,0,28.256849053406004
-10,-200,-1207,-1,-1000,-505,-10,-224,-15,-109,-413.3847692892517
100,10,200,1207,1,1000,505,10,224,15,413.1751637973985
0,200,10,0,0,0,0,0,0,0,17.162051435871742
-200,-10,-1207,-1,-1000,-505,-10,-224,-15,-109,-403.88416238361236
100,200,10,1207,1,1000,505,10,224,15,401.2929057307042
-200,-10,-1207,-1,-1000,-505,-10,-224,-15,-109,-403.88416238361236
100,200,10,1207,1,1000,505,10,224,15,401.2929057307042
0,200,0,0,0,0,0,0,0,0,15.749208983201443
0,0,0,0,0,0,0,0,0,0,0.0
-200,-10,-1207,-1,-1000,-505,-10,-224,-15,-109,-403.88416238361236
-100,-100,-127,-400,-100,-400,-1,-100,-500,-105,-212.33570480306932
-22,0,0,0,0,0,0,0,0,0,-0.632342714867597
0,-100,0,0,0,0,0,0,0,0,-7.874604491600722
100,-23,0,0,0,0,0,0,0,0,1.06312603451182
-103,-22,-123,-127,-400,-100,-400,-1,-100,-500,-189.26202986850112
-10,-1207,-1,-1000,-505,-10,-224,-15,-109,-10,-361.7685206886993
0,0,100,0,0,0,0,0,0,0,14.128424526703002
100,10,1207,1,1000,505,10,224,15,109,401.0098773160324
0,23,127,400,100,400,1,100,500,105,203.39797427695677
100,0,0,0,0,0,0,0,0,0,2.874285067579986
0,0,400,1207,1,1000,505,10,224,15,437.77026733406444
0,127,400,100,400,1,100,500,105,63,205.16552007635772
0,0,200,0,0,0,0,0,0,0,28.256849053406004
0,200,10,0,0,0,0,0,0,0,17.162051435871742
0,0,0,0,0,0,0,0,0,0,0.0
-28,0,0,0,0,0,0,0,0,0,-0.8047998189223962
0,-10,-1207,-1,-1000,-505,-10,-224,-15,-109,-398.1355922484524
0,0,200,1207,1,1000,505,10,224,15,409.51341828065847
0,0,100,400,1,100,500,105,63,60,155.19827730285434
0,0,-400,-100,-400,-1,-100,-500,-105,-63,-195.1647723720248
0,0,200,0,0,0,0,0,0,0,28.256849053406004
0,0,-200,0,0,0,0,0,0,0,-28.256849053406004
0,-200,-127,0,0,0,0,0,0,0,-33.692308132114256
0,0,200,0,0,0,0,0,0,0,28.256849053406004
0,0,0,0,0,0,0,0,0,0,0.0
-1,0,0,0,0,0,0,0,0,0,-0.02874285067579986
0,0,0,0,0,0,0,0,0,0,0.0
-10,-200,-1207,-1,-1000,-505,-10,-224,-15,-109,-413.3847692892517
0,-1207,-1,-1000,-505,-10,-224,-15,-109,-10,-361.4810921819413
0,0,0,0,0,0,0,0,0,0,0.0
0,200,1207,1,1000,505,10,224,15,109,413.09734078249375
0,200,0,0,0,0,0,0,0,0,15.749208983201443
0,0,0,0,0,0,0,0,0,0,0.0
0,0,20,1207,1,1000,505,10,224,15,384.0822541325931
0,0,0,0,0,0,0,0,0,0,0.0
0,-20,-1207,-1,-1000,-505,-10,-224,-15,-109,-398.92305269761243
0,200,20,1207,1,1000,505,10,224,15,399.8314631157945
0,-200,0,0,0,0,0,0,0,0,-15.749208983201443
0,200,0,0,0,0,0,0,0,0,15.749208983201443
1,10,200,20,1207,1,1000,505,10,224,349.44305205714755
151,0,0,0,0,0,0,0,0,0,4.340170452045779
0,127,100,400,1,100,500,105,63,60,165.19902500718726
-1,0,0,0,0,0,0,0,0,0,-0.02874285067579986
-10,-200,-20,-1207,-1,-1000,-505,-10,-224,-15,-400.1188916225525
-3,0,0,0,0,0,0,0,0,0,-0.08622855202739958
0,-6,-127,-100,-400,-1,-100,-500,-105,-63,-157.06664968362162
0,-20,-1207,-1,-1000,-505,-10,-224,-15,-109,-398.92305269761243
3,0,0,0,0,0,0,0,0,0,0.08622855202739958
0,127,100,400,1,100,500,105,63,60,165.19902500718726
0,0,0,400,1,1000,505,10,224,15,248.05550667119905
0,-200,-127,-100,-400,-1,-100,-500,-105,-63,-172.34338239732705
0,0,0,200,0,0,0,0,0,0,33.011415751190434
0,0,200,-1,-1000,-505,-10,-224,-15,-109,-198.56119870858103
0,127,100,400,1,100,500,105,63,60,165.19902500718726
0,-200,0,0,0,0,0,0,0,0,-15.749208983201443
0,-200,-127,-100,-400,-1,-100,-500,-105,-63,-172.34338239732705
-4,-103,-200,-127,-100,-400,-1,-100,-500,-105,-175.06579667705878
0,0,-200,0,0,0,0,0,0,0,-28.256849053406004
0,0,200,1207,1,1000,505,10,224,15,409.51341828065847
0,200,20,0,0,0,0,0,0,0,18.574893888542043
-3,-4,-103,-200,-127,-100,-400,-1,-100,-500,-156.7064835051521
-12,0,0,0,0,0,0,0,0,0,-0.34491420810959833
-7,-15,-4,-103,-200,-127,-100,-400,-1,-100,-113.60596800426619
-28,0,0,0,0,0,0,0,0,0,-0.8047998189223962
0,3,0,0,0,0,0,0,0,0,0.23623813474802163
0,0,0,0,0,0,0,20,0,0,1.8092604377672628
0,0,0,0,-200,0,0,0,0,0,-27.463233942215954
7,0,0,0,0,0,0,0,0,0,0.20119995473059904
0,-20,-1207,-1,-1000,-505,-30,-224,-15,-109,-400.6949588259419
0,0,-13,0,0,0,0,0,0,0,-1.8366951884713902
0,0,0,0,-505,-30,-224,-15,-109,-10,-103.57803087852615
0,0,13,0,0,0,0,0,0,0,1.8366951884713902
0,0,0,0,1000,505,30,224,15,109,228.42489681156056
0,0,200,1207,1,1000,505,30,224,15,411.3226787184257
0,0,0,0,-200,0,0,0,0,0,-27.463233942215954
0,0,200,0,0,0,0,0,0,0,28.256849053406004
0,0,0,0,200,0,0,0,0,0,27.463233942215954
0,0,-200,0,127,100,400,1,100,500,80.48472870636016
0,0,-200,0,0,0,0,0,0,0,-28.256849053406004
0,0,200,0,0,0,0,0,0,0,28.256849053406004
-16,-28,-12,-204,-103,-127,-100,-400,-1,-100,-119.36972269876914
0,0,0,0,127,100,400,1,100,500,108.74157775976616
0,0,0,4,0,0,0,0,0,0,0.6602283150238087
0,0,200,127,100,400,1,100,500,105,166.83998264800684
0,0,0,0,0,0,0,0,0,0,0.0
28,200,127,100,400,1,100,500,105,63,173.14818221624944
100,10,20,400,1207,1,1000,505,30,224,391.1935322701567
6,100,10,20,400,1207,1,1000,505,30,342.48890941265995
0,-10,-20,-400,-1207,-1,-1000,-505,-30,-224,-388.3192472025767
0,11,10,20,400,1207,1,1000,505,30,335.30805431108047
0,127,100,400,1,100,500,105,63,60,165.19902500718726
0,-200,-127,-100,-400,-1,-100,-500,-105,-63,-172.34338239732705
-11,-10,-20,-400,-1207,-1,-1000,-505,-30,-224,-388.6354185600105
-10,-20,-400,-1207,-1,-1000,-505,-30,-224,-15,-441.4418771769098
0,0,0,0,0,0,0,0,0,0,0.0
200,127,100,400,1,100,500,105,63,60,170.94759514234724
13,10,20,400,1207,1,1000,505,30,224,388.6929042613621
0,100,10,20,400,1207,1,1000,505,30,342.3164523086051
0,24,100,10,20,400,1207,1,1000,505,291.34920758304116
0,11,0,0,0,0,0,0,0,0,0.8662064940760794
0,0,11,0,0,0,0,0,0,0,1.55412669793733
0,0,-100,0,0,0,0,0,0,0,-14.128424526703002
0,100,0,0,0,0,0,0,0,0,7.874604491600722
127,100,400,1,100,500,105,63,60,1,160.39666644909747
0,-100,0,0,0,0,0,0,0,0,-7.874604491600722
-35,-11,-10,-20,-400,-1207,-1,-1000,-505,-30,-336.31405408473347
-24,0,0,0,0,0,0,0,0,0,-0.6898284162191967
-200,0,0,0,0,0,0,0,0,0,-5.748570135159972
-200,0,0,0,0,0,0,0,0,0,-5.748570135159972
0,-10,-20,-400,-1207,-1,-1000,-505,-30,-224,-388.3192472025767
-10,-20,-400,-1207,-1,-1000,-505,-30,-224,-15,-441.4418771769098
200,0,0,0,0,0,0,0,0,0,5.748570135159972
-400,-127,-100,-400,-1,-100,-500,-105,-63,-60,-176.69616527750722
0,0,-2,-100,-400,-1,-100,-500,-105,-63,-138.93364275574683
-400,0,0,0,0,0,0,0,0,0,-11.497140270319944
127,2,100,400,1,100,500,105,63,60,159.00611142851292
-400,0,0,0,0,0,0,0,0,0,-11.497140270319944
-400,-127,-2,-100,-400,-1,-100,-500,-105,-63,-160.4315307303997
-99,-400,-127,-2,-100,-400,-1,-100,-500,-105,-170.2380580823267
0,-200,0,0,0,0,0,0,0,0,-15.749208983201443
0,127,2,100,400,1,100,500,105,63,148.93439046007975
0,-200,0,0,0,0,0,0,0,0,-15.749208983201443
0,-200,0,0,0,0,0,0,0,0,-15.749208983201443
0,200,0,0,0,0,0,0,0,0,15.749208983201443
0,-200,-127,-2,-100,-400,-1,-100,-500,-105,-151.64330688222108
0,0,-200,0,0,0,0,0,0,0,-28.256849053406004
0,0,400,0,0,0,0,0,0,0,56.51369810681201
0,0,-200,0,0,0,0,0,0,0,-28.256849053406004
-8,-99,-200,-127,-2,-100,-400,-1,-100,-500,-148.82195585338425
0,0,-1207,-1,-1000,-505,-30,-224,-15,-109,-399.12003792762175
0,0,200,1207,1,1000,505,30,224,15,411.3226787184257
0,0,200,0,0,0,0,0,0,0,28.256849053406004
0,0,-200,0,0,0,0,0,0,0,-28.256849053406004
0,0,0,0,100,400,1,100,500,105,117.6208845925949
0,0,-1207,-1,-1000,-505,-30,-224,-15,-109,-399.12003792762175
0,0,200,0,0,0,0,0,0,0,28.256849053406004
0,0,-200,0,0,0,0,0,0,0,-28.256849053406004
0,0,200,0,0,0,0,0,0,0,28.256849053406004
0,0,-200,0,0,0,0,0,0,0,-28.256849053406004
0,0,200,0,0,0,0,0,0,0,28.256849053406004
0,0,-200,0,0,0,0,0,0,0,-28.256849053406004
0,0,400,1207,1,1000,505,30,224,15,439.57952777183175
1,0,0,0,0,0,0,0,0,0,0.02874285067579986
0,-1,-99,-200,-127,-100,-400,-1,-100,-500,-155.81887983730857
0,99,200,127,100,400,1,100,500,105,174.63584109469156
0,0,0,0,0,0,0,0,0,0,0.0
99,200,127,100,400,1,100,500,105,63,175.1889246142312
100,11,20,400,1207,1,1000,505,30,224,391.2722783150727
24,100,11,20,400,1207,1,1000,505,30,343.14756497009137
11,-11,-20,-400,-1207,-1,-1000,-505,-30,-224,-388.08182189005896
0,11,11,20,400,1207,1,1000,505,30,335.4493385563475
0,127,100,400,1,100,500,105,63,60,165.19902500718726
5,35,11,11,20,400,1207,1,1000,505,279.9498875804865
100,0,0,0,0,0,0,0,0,0,2.874285067579986
-100,0,0,0,0,0,0,0,0,0,-2.874285067579986
-35,-11,-11,-20,-400,-1207,-1,-1000,-505,-30,-336.45533833000053
-24,0,0,0,0,0,0,0,0,0,-0.6898284162191967
0,-11,-20,-400,-1207,-1,-1000,-505,-30,-224,-388.3979932474927
0,-200,-127,-100,-400,-1,-100,-500,-105,-63,-172.34338239732705
-11,-20,-400,-1207,-1,-1000,-505,-30,-224,-15,-441.47062002758565
0,-200,0,0,0,0,0,0,0,0,-15.749208983201443
0,200,0,0,0,0,0,0,0,0,15.749208983201443
0,-200,0,0,0,0,0,0,0,0,-15.749208983201443
11,11,20,400,1207,1,1000,505,30,224,388.7141646049265
-70,-99,-200,-127,-100,-400,-1,-100,-500,-105,-176.64784064199756
-1,0,0,0,0,0,0,0,0,0,-0.02874285067579986
1,0,0,0,0,0,0,0,0,0,0.02874285067579986
-68,-70,-99,-200,-127,-100,-400,-1,-100,-500,-163.20687078246746
0,0,0,127,100,400,1,100,500,105,138.58313359460084
-25,0,0,0,0,0,0,0,0,0,-0.7185712668949965
0,0,200,20,0,0,0,0,0,0,31.557990628525047
0,0,0,-400,-127,-100,-400,-1,-100,-500,-174.76440926214704
0,-200,0,127,100,400,1,100,500,105,122.8339246113994
0,4,11,200,20,1207,1,1000,505,30,312.4282459277965
0,0,100,11,200,20,1207,1,1000,505,269.8474898147367
0,200,0,0,0,0,0,0,0,0,15.749208983201443
68,0,0,0,0,0,0,0,0,0,1.9545138459543905
0,99,127,100,400,1,100,500,105,63,164.39003186081032
0,127,100,400,1,100,500,105,63,60,165.19902500718726
0,0,-11,-200,-20,-1207,-1,-1000,-505,-30,-312.1132617481325
127,100,400,1,100,500,105,63,60,1,160.39666644909747
0,-11,-200,-20,-1207,-1,-1000,-505,-30,-224,-351.1074674682963
-100,-127,-100,-400,-1,-100,-500,-105,-63,-60,-168.07331007476725
0,0,-20,-1207,-1,-1000,-505,-30,-224,-15,-385.8915145703603
127,100,400,1,100,500,105,63,60,1,160.39666644909747
-400,-127,-100,-400,-1,-100,-500,-105,-63,-60,-176.69616527750722
0,0,200,20,1207,1,1000,505,30,224,350.2412609742202
-25,-400,-127,-100,-400,-1,-100,-500,-105,-63,-188.8111626474235
0,0,200,0,0,0,0,0,0,0,28.256849053406004
0,0,-200,0,0,0,0,0,0,0,-28.256849053406004
0,400,11,0,0,0,0,0,0,0,33.05254466434022
0,-11,-20,-1207,-1,-1000,-505,-30,-224,-15,-386.7577210644364
0,0,200,20,1207,1,1000,505,30,224,350.2412609742202
-400,127,100,400,1,100,500,105,63,60,153.7018847368673
0,0,0,0,0,0,0,0,0,0,0.0
-11,-200,-20,-1207,-1,-1000,-505,-30,-224,-15,-401.9568949109956
-100,-425,-127,-100,-400,-1,-100,-500,-105,-63,-192.93552757100866
-24,-100,-425,-127,-100,-400,-1,-100,-500,-105,-207.1933707409085
-11,0,0,0,0,0,0,0,0,0,-0.3161713574337985
0,0,-11,-425,-127,-100,-400,-1,-100,-500,-180.4449629289832
0,-20,-1207,-1,-1000,-505,-30,-224,-15,-109,-400.6949588259419
0,11,425,127,100,400,1,100,500,105,199.49514432716467
0,400,20,1207,1,1000,505,30,224,15,417.38993253676324
0,-20,-1207,-1,-1000,-505,-30,-224,-15,-109,-400.6949588259419
0,200,0,0,0,0,0,0,0,0,15.749208983201443
24,0,0,0,0,0,0,0,0,0,0.6898284162191967
0,425,127,100,400,1,100,500,105,63,190.06124250342867
425,127,100,400,1,100,500,105,63,60,177.4147365444022
-400,-25,-127,-100,-400,-1,-100,-500,-105,-63,-170.05996480734572
-400,0,0,0,0,0,0,0,0,0,-11.497140270319944
0,-200,0,0,0,0,0,0,0,0,-15.749208983201443
0,0,200,1207,1,1000,505,30,224,15,411.3226787184257
0,0,200,0,0,0,0,0,0,0,28.256849053406004
0,200,-1207,-1,-1000,-505,-30,-224,-15,-109,-383.37082894442034
0,200,20,1207,1,1000,505,30,224,15,401.64072355356177
4,11,200,20,1207,1,1000,505,30,224,351.2224388709995
-11,-200,-20,-1207,-1,-1000,-505,-30,-224,-15,-401.9568949109956
0,-20,-1207,-1,-1000,-505,-30,-224,-15,-109,-400.6949588259419
0,200,0,0,0,0,0,0,0,0,15.749208983201443
-400,0,0,0,0,0,0,0,0,0,-11.497140270319944
0,-200,0,0,0,0,0,0,0,0,-15.749208983201443
0,0,200,0,0,0,0,0,0,0,28.256849053406004
0,200,20,1207,1,1000,505,30,224,15,401.64072355356177
-400,0,0,0,0,0,0,0,0,0,-11.497140270319944
0,-20,-1207,-1,-1000,-505,-30,-224,-15,-109,-400.6949588259419
0,200,20,1207,1,1000,505,30,224,15,401.64072355356177
-400,0,0,0,0,0,0,0,0,0,-11.497140270319944
200,0,0,0,0,0,0,0,0,0,5.748570135159972
25,127,100,400,1,100,500,105,63,60,165.91759627408226
0,-200,-127,-100,-400,-1,-100,-500,-105,-63,-172.34338239732705
0,200,0,0,0,0,0,0,0,0,15.749208983201443
0,-200,0,0,0,0,0,0,0,0,-15.749208983201443
0,200,0,0,0,0,0,0,0,0,15.749208983201443
0,127,100,400,1,100,500,105,63,60,165.19902500718726
0,-200,0,0,0,0,0,0,0,0,-15.749208983201443
0,-20,-1207,-1,-1000,-505,-30,-224,-15,-109,-400.6949588259419
0,200,20,1207,1,1000,505,30,224,15,401.64072355356177
0,-200,0,0,0,0,0,0,0,0,-15.749208983201443
0,200,0,0,0,0,0,0,0,0,15.749208983201443
0,-200,-127,-100,-400,-1,-100,-500,-105,-63,-172.34338239732705
0,200,0,0,0,0,0,0,0,0,15.749208983201443
0,-20,-1207,-1,-1000,-505,-30,-224,-15,-109,-400.6949588259419
0,200,20,1207,1,1000,505,30,224,15,401.64072355356177
-4,-25,-200,-127,-100,-400,-1,-100,-500,-105,-168.9236051736102
0,-98,-25,-200,-127,-100,-400,-1,-100,-500,-153.00221204440106
0,0,200,127,100,400,1,100,500,105,166.83998264800684
-25,0,0,0,0,0,0,0,0,0,-0.7185712668949965
0,0,-200,0,0,0,0,0,0,0,-28.256849053406004
0,0,200,0,0,0,0,0,0,0,28.256849053406004
0,0,-200,0,0,0,0,0,0,0,-28.256849053406004
0,200,0,0,0,0,0,0,0,0,15.749208983201443
0,0,127,100,400,1,100,500,105,63,156.59417341412558
0,0,-200,-127,-100,-400,-1,-100,-500,-105,-166.83998264800684
0,200,0,0,0,0,0,0,0,0,15.749208983201443
0,0,0,0,0,0,0,0,0,0,0.0
4,0,0,0,0,0,0,0,0,0,0.11497140270319944
98,200,127,100,400,1,100,500,105,63,175.16018176355544
100,11,200,20,1207,1,1000,505,30,224,353.9817525358763
37,0,0,0,0,0,0,0,0,0,1.0634854750045948
0,100,11,200,20,1207,1,1000,505,30,319.98786623973325
0,127,100,400,1,100,500,105,63,60,165.19902500718726
-91,0,0,0,0,0,0,0,0,0,-2.6155994114977874
0,-11,-200,-20,-1207,-1,-1000,-505,-30,-224,-351.1074674682963
0,9,11,200,20,1207,1,1000,505,30,312.8219761523766
-37,0,0,0,0,0,0,0,0,0,-1.0634854750045948
0,-11,-200,-20,-1207,-1,-1000,-505,-30,-224,-351.1074674682963
0,-200,-127,-100,-400,-1,-100,-500,-105,-63,-172.34338239732705
-11,-200,-20,-1207,-1,-1000,-505,-30,-224,-15,-401.9568949109956
0,-20,-1207,-1,-1000,-505,-30,-224,-15,-109,-400.6949588259419
0,200,20,1207,1,1000,505,30,224,15,401.64072355356177
0,200,0,0,0,0,0,0,0,0,15.749208983201443
-6,0,0,0,0,0,0,0,0,0,-0.17245710405479917
0,-20,-1207,-1,-1000,-505,-30,-224,-15,-109,-400.6949588259419
6,0,0,0,0,0,0,0,0,0,0.17245710405479917
0,200,20,1207,1,1000,505,30,224,15,401.64072355356177
-10,0,0,0,0,0,0,0,0,0,-0.2874285067579986
-148,-108,-200,-127,-100,-400,-1,-100,-500,-105,-179.598497398954
0,10,0,0,0,0,0,0,0,0,0.7874604491600722
98,200,127,100,400,1,100,500,105,63,175.16018176355544
0,-20,-1207,-1,-1000,-505,-30,-224,-15,-109,-400.6949588259419
0,0,400,1207,1,1000,505,30,224,15,439.57952777183175
0,0,-200,0,0,0,0,0,0,0,-28.256849053406004
0,0,200,0,0,0,0,0,0,0,28.256849053406004
0,0,-200,0,0,0,0,0,0,0,-28.256849053406004
0,0,400,0,0,0,0,0,0,0,56.51369810681201
-10,-98,-200,-127,-100,-400,-1,-100,-500,-105,-174.84452355653355
-3,-10,-98,-200,-127,-100,-400,-1,-100,-500,-156.472538548313
0,-93,-10,-98,-200,-127,-100,-400,-1,-100,-119.56937963080657
0,-4,0,0,0,0,0,0,0,0,-0.31498417966402886
0,0,98,200,127,100,400,1,100,500,155.59884954712552
97,98,200,127,100,400,1,100,500,105,177.34515156532814
4,0,0,0,0,0,0,0,0,0,0.11497140270319944
0,0,-200,0,0,0,0,0,0,0,-28.256849053406004
-6,-93,-98,-200,-127,-100,-400,-1,-100,-500,-163.09468882836902
93,98,200,127,100,400,1,100,500,105,177.23018016262495
0,0,-1207,-1,-1000,-505,-30,-224,-15,-109,-399.12003792762175
0,0,200,1207,1,1000,505,30,224,15,411.3226787184257
3,0,0,0,0,0,0,0,0,0,0.08622855202739958
0,0,0,0,0,-505,-30,-224,-15,-109,-91.1087271004808
0,0,0,0,0,1000,505,30,224,15,183.70461943687434
0,0,200,0,0,0,0,0,0,0,28.256849053406004
0,0,-200,0,0,0,0,0,0,0,-28.256849053406004
0,0,0,0,0,0,0,0,0,0,0.0
0,0,-1207,-1,-1000,-505,-30,-224,-15,-109,-399.12003792762175
0,0,0,200,1,1000,505,30,224,15,216.85335135777586
0,0,200,-1,-1000,-505,-30,-224,-15,-109,-200.3331048369105
0,0,-200,0,0,0,0,0,0,0,-28.256849053406004
0,0,0,200,1,1000,505,30,224,15,216.85335135777586
0,0,200,1207,0,0,0,0,0,0,227.4807431118403
0,0,200,0,0,0,0,0,0,0,28.256849053406004
0,0,-200,0,0,0,0,0,0,0,-28.256849053406004
0,0,200,0,0,0,0,0,0,0,28.256849053406004
0,0,-200,0,0,0,0,0,0,0,-28.256849053406004
22,14,20,200,1207,1,1000,505,30,224,356.2551583459179
0,0,0,200,0,0,0,0,0,0,33.011415751190434
0,0,0,-200,0,0,0,0,0,0,-33.011415751190434
0,0,200,20,0,0,0,0,0,0,31.557990628525047
0,0,-20,-1207,-1,-1000,-505,-30,-224,-15,-385.8915145703603
0,0,0,400,1207,1,1000,505,30,224,384.70610184807606
-8,-93,-98,-200,-127,-100,-400,-1,-100,-500,-163.1521745297206
0,0,400,20,0,0,0,0,0,0,59.814839681931055
0,0,400,0,0,0,0,0,0,0,56.51369810681201
0,0,0,0,0,0,0,0,0,0,0.0
0,100,14,400,20,1207,1,1000,505,30,353.42313472672475
0,-2,0,0,0,0,0,0,0,0,-0.15749208983201443
0,-200,0,0,0,0,0,0,0,0,-15.749208983201443
-100,-8,-295,-98,-200,-127,-100,-400,-1,-100,-156.0162607816295
0,0,0,-20,-1207,-1,-1000,-505,-30,-224,-321.98441192081424
-6,-100,-8,-295,-98,-200,-127,-100,-400,-1,-147.40207375458283
0,0,0,0,0,0,0,0,0,0,0.0
-100,-14,-20,-1207,-1,-1000,-505,-30,-224,-15,-389.8682442667644
0,0,0,0,0,0,0,0,0,0,0.0
-95,0,0,0,0,0,0,0,0,0,-2.730570814200987
0,0,0,0,0,0,0,0,0,0,0.0
-14,-20,-1207,-1,-1000,-505,-30,-224,-15,-109,-401.09735873540313
0,0,0,0,200,127,100,400,1,100,94.65756128286428
0,-15,0,0,0,0,0,0,0,0,-1.1811906737401083
0,15,0,0,0,0,0,0,0,0,1.1811906737401083
-95,-6,-100,-8,-295,-200,-127,-100,-400,-1,-135.23611363731553
0,0,8,295,200,127,100,400,1,100,144.47967347800642
0,0,0,0,0,0,0,0,0,0,0.0
0,0,0,0,-505,-30,-224,-15,-109,-10,-103.57803087852615
0,0,0,0,127,100,400,1,100,500,108.74157775976616
0,0,0,0,0,0,0,0,0,0,0.0
6,8,295,127,100,400,1,100,500,105,181.06441141175756
100,14,20,1207,1,505,30,224,15,109,297.2723519303709
22,0,0,0,0,0,0,0,0,0,0.632342714867597
0,9,14,20,1207,1,505,30,224,15,238.46126501558203
-100,0,0,0,0,0,0,0,0,0,-2.874285067579986
0,0,0,0,0,0,0,0,0,0,0.0
8,295,127,100,400,1,100,500,105,63,180.0541994697541
295,127,100,400,1,100,500,105,63,60,173.6781659565482
93,0,0,0,0,0,0,0,0,0,2.673085112849387
127,100,400,1,100,500,105,63,60,1,160.39666644909747
100,22,9,14,20,1207,1,505,30,224,216.58052921321635
0,9,22,9,14,20,1207,1,505,30,159.51516541839575
100,100,9,22,9,14,20,1207,1,505,165.9211045791183
100,0,0,0,0,0,0,0,0,0,2.874285067579986
0,-9,-22,-9,-14,-20,-1207,-1,-505,-30,-159.51516541839575
-100,0,0,0,0,0,0,0,0,0,-2.874285067579986
-9,-22,-9,-14,-20,-1207,-1,-505,-30,-224,-213.96492980171854
0,-9,-14,-20,-1207,-1,-505,-30,-224,-15,-238.46126501558203
100,9,9,14,20,1207,1,505,30,224,215.55683062930825
100,100,9,9,14,20,1207,1,505,30,167.71864538486102
15,100,100,9,9,14,20,1207,1,505,174.18908656714765
0,0,-9,-9,-14,-20,-1207,-1,-505,-30,-156.9697558256803
0,-9,-9,-14,-20,-1207,-1,-505,-30,-224,-212.68254556172826
-9,-9,-14,-20,-1207,-1,-505,-30,-224,-15,-238.71995067166424
0,0,0,0,200,0,0,0,0,0,27.463233942215954
0,-14,-20,-1407,-1,-505,-30,-224,-15,-109,-327.40948261398137
-14,-20,-1407,-1,-505,-30,-224,-15,-109,-10,-304.50734185577465
-200,-127,-100,-400,-1,-100,-500,-105,-63,-60,-170.94759514234724
-200,-200,-127,-100,-400,-1,-100,-500,-105,-63,-178.09195253248703
0,0,0,0,0,0,0,0,1000,0,80.72061084542575
0,0,200,0,0,0,0,0,0,0,28.256849053406004
0,127,100,400,1,100,500,105,63,60,165.19902500718726
0,0,-200,-100,-400,-1,-100,-500,-105,-63,-166.90792331861877
0,0,-200,0,0,0,0,0,0,0,-28.256849053406004
0,0,-200,0,0,0,0,0,0,0,-28.256849053406004
0,0,400,1207,1,505,30,224,15,1109,418.969411388066
0,400,20,0,0,0,0,0,0,0,34.324102871743484
0,0,200,0,0,0,0,0,0,0,28.256849053406004
0,0,100,400,1,100,500,105,63,60,155.19827730285434
0,0,-400,-100,-400,-1,-100,-500,-105,-63,-195.1647723720248
0,400,0,0,0,0,0,0,0,0,31.498417966402886
0,-200,0,0,0,0,0,0,0,0,-15.749208983201443
0,-200,-127,0,0,0,0,0,0,0,-33.692308132114256
0,-200,0,0,0,0,0,0,0,0,-15.749208983201443
0,200,0,0,0,0,0,0,0,0,15.749208983201443
100,14,400,20,1207,1,505,30,224,15,296.2649989808156
0,0,-200,0,0,0,0,0,0,0,-28.256849053406004
100,0,0,0,0,0,0,0,0,0,2.874285067579986
-100,-100,-200,-127,-100,-400,-1,-100,-500,-105,-177.58887220718756
0,200,127,100,400,1,100,500,105,63,172.34338239732705
0,0,200,0,0,0,0,0,0,0,28.256849053406004
0,5,0,0,0,0,0,0,0,0,0.3937302245800361
0,-100,-200,-127,-100,-400,-1,-100,-500,-105,-174.71458713960757
0,0,0,-2,-127,-100,-400,-1,-100,-500,-109.07169191727806
0,0,-200,0,0,0,0,0,0,0,-28.256849053406004
0,0,200,0,0,0,0,0,0,0,28.256849053406004
0,0,-20,-1207,-1,-505,-30,-224,-15,-1109,-365.28139818659463
0,0,400,20,1207,1,505,30,224,15,292.28826928441157
0,-5,0,0,0,0,0,0,0,0,-0.3937302245800361
0,0,5,400,20,1207,1,505,30,224,275.1207265762136
0,0,200,-20,-1207,-1,-505,-30,-224,-15,-207.51772212419354
-6,-100,-100,-200,-2,-127,-100,-400,-1,-100,-122.65586155361945
0,-87,-100,-100,-200,-2,-127,-100,-400,-1,-117.84058626120095
87,100,100,200,2,127,100,400,1,100,124.98403245835924
0,0,0,0,0,0,0,0,0,0,0.0
0,0,0,0,0,0,0,0,0,0,0.0
0,100,200,2,127,100,400,1,100,500,145.2031454622848
0,200,2,127,100,400,1,100,500,105,154.61491106833634
0,0,-200,0,0,0,0,0,0,0,-28.256849053406004
0,0,0,400,20,1207,1,505,30,224,274.4143053498785
-100,-87,-200,-2,-127,-100,-400,-1,-100,-500,-147.05373194595668
0,0,0,127,100,400,1,100,500,105,138.58313359460084
0,0,-100,-200,-127,-100,-400,-1,-100,-500,-155.88141803765959
-2,0,0,0,0,0,0,0,0,0,-0.05748570135159972
0,0,0,0,0,-2,-100,-400,-1,-100,-52.558215394243526
0,0,0,127,2,100,400,1,100,500,112.53930554788712
0,0,0,-200,0,0,0,0,0,0,-33.011415751190434
0,0,0,400,0,0,0,0,0,0,66.02283150238087
0,0,0,-200,-127,-2,-100,-400,-1,-100,-103.00878469874108
0,0,0,400,0,0,0,0,0,0,66.02283150238087
100,0,0,0,0,0,0,0,0,0,2.874285067579986
0,0,-400,-20,-1207,-1,-505,-30,-224,-15,-292.28826928441157
0,5,0,0,0,0,0,0,0,0,0.3937302245800361
0,0,200,127,2,100,400,1,100,500,140.79615460129313
-100,-2,-87,-200,-127,-2,-100,-400,-1,-100,-118.3322911943847
0,0,-100,0,0,0,0,0,0,0,-14.128424526703002
0,0,-200,0,0,0,0,0,0,0,-28.256849053406004
0,0,200,0,0,0,0,0,0,0,28.256849053406004
151,200,19,400,20,1207,1,505,30,224,297.18808544519925
0,0,0,127,2,100,400,1,100,500,112.53930554788712
0,0,0,-200,0,0,0,0,0,0,-33.011415751190434
-200,-19,-400,-20,-1207,-1,-505,-30,-224,-15,-299.53301427297566
0,0,0,-200,-127,-2,-100,-400,-1,-100,-103.00878469874108
0,0,-200,0,0,0,0,0,0,0,-28.256849053406004
0,0,-20,-1207,-1,-505,-30,-224,-15,-109,-293.2956222339668
0,0,400,20,1207,1,505,30,224,15,292.28826928441157
0,0,-200,0,0,0,0,0,0,0,-28.256849053406004
0,0,200,0,0,0,0,0,0,0,28.256849053406004
0,0,0,-200,0,0,0,0,0,0,-33.011415751190434
0,0,-200,0,0,0,0,0,0,0,-28.256849053406004
0,0,-20,-1207,-1,-505,-30,-224,-15,-109,-293.2956222339668
0,0,400,0,0,0,0,0,0,0,56.51369810681201
0,0,400,20,1207,1,505,30,224,15,292.28826928441157
0,0,400,0,0,0,0,0,0,0,56.51369810681201
0,0,-20,-1207,-1,-505,-30,-224,-15,-109,-293.2956222339668
0,0,400,0,0,0,0,0,0,0,56.51369810681201
0,0,100,0,0,0,0,0,0,0,14.128424526703002
2,87,200,127,2,100,400,1,100,500,147.70454621033736
-100,-2,-87,-200,-127,-2,-100,-400,-1,-100,-118.3322911943847
0,-84,-2,-87,-200,-127,-2,-100,-400,-1,-105.17444871080193
0,0,-1,0,0,0,0,0,0,0,-0.14128424526703
0,0,2,0,0,0,0,0,0,0,0.28256849053406
0,0,87,200,127,2,100,400,1,100,115.3005140369727
0,0,-100,-87,-200,-127,-2,-100,-400,-1,-112.40563697402627
0,0,400,20,1207,1,505,30,224,15,292.28826928441157
0,0,400,0,0,0,0,0,0,0,56.51369810681201
-2,0,0,0,0,0,0,0,0,0,-0.05748570135159972
0,0,0,0,0,0,0,0,0,0,0.0
0,0,87,200,127,2,100,400,1,100,115.3005140369727
-100,-102,-84,-87,-200,-127,-2,-100,-400,-1,-121.0514706987665
0,100,0,0,0,0,0,0,0,0,7.874604491600722
0,0,-100,0,0,0,0,0,0,0,-14.128424526703002
0,184,87,200,127,2,100,400,1,100,129.789786301518
-2,0,0,0,0,0,0,0,0,0,-0.05748570135159972
0,0,-20,-1207,-1,-505,-30,-224,-15,-109,-293.2956222339668
0,0,400,20,1207,1,505,30,224,15,292.28826928441157
-1,-102,-184,-87,-200,-127,-2,-100,-400,-1,-132.3343530085653
0,-84,0,0,0,0,0,0,0,0,-6.614667772944606
0,0,0,0,0,0,0,0,0,0,0.0
0,0,0,0,0,0,0,0,0,0,0.0
0,0,0,0,0,0,0,0,0,0,0.0
-100,0,0,0,0,0,0,0,0,0,-2.874285067579986
-85,0,0,0,0,0,0,0,0,0,-2.4431423074429883
-100,-1,-186,-184,-87,-200,-127,-2,-100,-400,-143.26559052663328
0,0,-20,-1207,-1,-505,-30,-224,-15,-109,-293.2956222339668
1,186,184,87,200,127,2,100,400,1,138.94902078150994
-100,0,0,0,0,0,0,0,0,0,-2.874285067579986
0,0,0,0,0,0,0,0,0,0,0.0
-19,-20,-1207,-1,-505,-30,-224,-15,-109,-10,-276.3942070557477
-100,-101,-186,-184,-87,-200,-127,-2,-100,-400,-151.14019501823395
-1,-100,-101,-186,-184,-87,-200,-127,-2,-100,-124.894465784461
0,101,186,184,87,200,127,2,100,400,148.26590995065396
0,0,0,0,200,127,2,100,400,1,83.91724659555541
0,1,0,0,0,0,0,0,0,0,0.07874604491600722
0,186,184,200,127,2,100,400,1,100,143.65185018225196
0,2,0,0,0,0,0,0,0,0,0.15749208983201443
0,0,100,0,0,0,0,0,0,0,14.128424526703002
0,200,20,1207,1,505,30,224,15,109,309.0448312171683
0,-20,-1207,-1,-505,-30,-224,-15,-109,-10,-275.84809289290746
184,84,200,127,2,100,400,1,100,500,152.6995068985849
0,200,20,1207,1,505,30,224,15,109,309.0448312171683
-100,-184,-84,-200,-127,-2,-100,-400,-1,-100,-132.24021863329693
-100,-100,-184,-84,-200,-127,-2,-100,-400,-1,-134.5272318993696
0,184,84,200,127,2,100,400,1,100,129.36593356571694
-84,0,0,0,0,0,0,0,0,0,-2.4143994567671885
0,0,0,0,0,0,0,115,224,15,29.564450985826547
0,100,0,0,0,0,0,0,0,0,7.874604491600722
0,0,0,0,0,0,0,0,-124,0,-10.009355744832794
0,-100,-84,-84,-200,-127,-2,-100,-400,-1,-117.52452230508665
-2,0,0,0,0,0,0,0,0,0,-0.05748570135159972
0,0,0,0,-200,0,0,0,0,0,-27.463233942215954
0,-20,-1207,-1,-505,-30,-115,-100,-15,-109,-273.41941575386267
0,0,200,1207,1,505,30,115,100,15,308.9609059785148
2,0,0,0,0,0,0,0,0,0,0.05748570135159972
0,0,0,0,200,0,0,0,0,0,27.463233942215954
0,0,0,0,-400,0,0,0,0,0,-54.92646788443191
0,0,200,0,0,0,0,0,0,0,28.256849053406004
-200,0,0,0,127,2,100,400,1,100,64.24879881239067
200,0,0,0,0,0,0,0,0,0,5.748570135159972
0,0,0,-200,-84,-127,-2,-100,-400,-1,-100.9999866602606
0,200,20,0,0,0,0,0,0,0,18.574893888542043
0,0,0,-200,0,0,0,0,0,0,-33.011415751190434
0,0,0,200,0,0,0,0,0,0,33.011415751190434
-200,0,0,84,127,2,100,400,1,100,78.11359342789066
0,0,0,0,0,100,400,1,100,500,91.30242420645902
200,0,0,0,0,0,0,0,0,0,5.748570135159972
0,0,-200,0,0,0,0,0,0,0,-28.256849053406004
0,200,0,0,0,0,0,0,0,0,15.749208983201443
0,-17,0,0,0,0,0,0,0,0,-1.3386827635721226
0,-20,-1207,-1,-505,-30,-115,-100,-15,-109,-273.41941575386267
0,17,0,0,0,0,0,0,0,0,1.3386827635721226
0,200,20,1207,1,505,30,115,100,15,299.2789508136508
100,0,0,0,0,0,0,0,0,0,2.874285067579986
-100,-84,-100,-284,-84,-127,-100,-400,-1,-100,-149.22247333029702
-81,0,0,0,0,0,0,0,0,0,-2.328170904739789
0,0,284,84,127,100,400,1,100,500,162.73109803110265
0,0,-200,-84,-84,-127,-100,-400,-1,-100,-120.850529265285
100,0,0,0,0,0,0,0,0,0,2.874285067579986
-100,-81,-84,-200,-84,-84,-127,-100,-400,-1,-128.16016876096393
-81,0,0,0,0,0,0,0,0,0,-2.328170904739789
0,0,0,0,0,127,100,400,1,100,67.19432734064833
0,0,0,84,127,100,400,1,100,500,122.60637237526615
0,0,0,0,-400,-127,-100,-400,-1,-100,-122.12079522508023
0,-100,0,0,0,0,0,0,0,0,-7.874604491600722
-4,-181,-181,-84,-84,-400,-127,-100,-400,-1,-164.83350124341064
0,-20,-1207,-1,-505,-30,-115,-100,-15,-109,-273.41941575386267
0,200,0,0,0,0,0,0,0,0,15.749208983201443
0,100,0,0,0,0,0,0,0,0,7.874604491600722
-100,0,0,0,0,0,0,0,0,0,-2.874285067579986
0,0,0,0,-200,-84,0,0,0,0,-37.298701170199976
0,200,20,1207,1,505,30,115,100,15,299.2789508136508
0,0,0,0,84,127,100,400,1,100,78.72888559637902
0,0,0,0,0,-200,-127,-100,-400,-1,-76.07591533209936
0,-20,-1207,-1,-505,-30,-115,-100,-15,-109,-273.41941575386267
0,0,400,0,0,0,0,0,0,0,56.51369810681201
0,0,0,0,-200,127,100,400,1,100,39.731093398432364
0,0,0,0,0,0,0,0,0,0,0.0
0,0,0,0,0,0,0,0,0,0,0.0
0,0,-200,0,0,0,0,0,0,0,-28.256849053406004
0,0,-200,0,0,0,0,0,0,0,-28.256849053406004
-81,-104,-81,-181,-84,-284,-127,-100,-400,-1,-149.28305551327537
0,0,0,0,0,84,0,0,0,0,9.835467227984024
0,0,0,100,0,0,0,0,0,0,16.505707875595217
0,0,200,0,0,0,0,0,0,0,28.256849053406004
-100,0,0,0,0,0,0,0,0,0,-2.874285067579986
0,0,0,-15,0,0,0,0,0,0,-2.475856181339283
0,0,0,15,0,0,0,0,0,0,2.475856181339283
0,0,200,0,0,0,0,0,0,0,28.256849053406004
-100,-181,-104,-81,-81,-84,-200,-127,-100,-400,-132.22281758767303
0,100,0,0,0,0,0,0,0,0,7.874604491600722
-81,0,0,0,0,0,0,0,0,0,-2.328170904739789
0,0,100,0,0,0,0,0,0,0,14.128424526703002
0,-100,0,0,0,0,0,0,0,0,-7.874604491600722
0,0,0,0,0,0,127,100,400,1,52.65813621785168
0,0,0,0,0,0,-200,-127,-100,-400,-66.074236528711
0,0,0,0,0,0,-200,0,0,0,-17.719061283295172
0,0,-200,0,0,0,0,0,0,0,-28.256849053406004
0,0,400,1207,1,505,30,115,100,15,337.2177550319208
0,0,0,0,0,0,0,0,0,0,0.0
0,0,0,0,0,200,127,100,400,1,76.07591533209936
0,0,-1207,-1,-505,-30,-115,-100,-15,-109,-271.84449485554245
0,0,200,0,0,0,0,0,0,0,28.256849053406004
0,0,200,0,0,0,0,0,0,0,28.256849053406004
0,0,-200,0,0,0,0,0,0,0,-28.256849053406004
0,0,0,0,0,-200,0,0,0,0,-23.417779114247676
0,0,200,0,0,0,0,0,0,0,28.256849053406004
-16,-181,-181,-4,-81,-81,-200,-127,-100,-400,-127.6266432655451
0,0,100,0,0,0,0,0,0,0,14.128424526703002
-100,0,0,0,0,0,0,0,0,0,-2.874285067579986
0,0,0,0,0,0,0,0,0,0,0.0
-10,0,0,0,0,0,0,0,0,0,-0.2874285067579986
-1,0,0,0,0,0,0,0,0,0,-0.02874285067579986
-3,0,0,0,0,0,0,0,0,0,-0.08622855202739958
-20,-1607,-1,-505,-30,-115,-100,-15,-109,-10,-247.934448604238
0,0,-10,0,0,0,0,0,0,0,-1.4128424526703
0,-200,0,0,0,0,0,0,0,0,-15.749208983201443
0,-200,0,0,0,0,0,0,0,0,-15.749208983201443
0,0,10,0,0,0,0,0,0,0,1.4128424526703
0,200,0,0,0,0,0,0,0,0,15.749208983201443
0,-200,0,0,0,0,0,0,0,0,-15.749208983201443
0,0,200,1,505,30,115,100,15,109,129.57125987164324
-4,-116,-181,-81,-4,-81,-81,-200,-127,-100,-100.94396897567825
0,0,-1,-505,-30,-115,-100,-15,-109,-10,-120.8146974106984
-16,0,0,0,0,0,0,0,0,0,-0.4598856108127978
0,0,0,0,0,0,200,127,100,400,66.074236528711
4,0,0,0,0,0,0,0,0,0,0.11497140270319944
0,0,200,1,505,30,115,100,15,109,129.57125987164324
0,100,0,0,0,0,0,0,0,0,7.874604491600722
-100,0,0,0,0,0,0,0,0,0,-2.874285067579986
0,0,100,0,0,0,0,0,0,0,14.128424526703002
100,0,0,0,0,0,0,0,0,0,2.874285067579986
-100,-16,-16,-81,-81,-4,-81,-200,-127,-100,-74.07427778866216
-81,0,0,0,0,0,0,0,0,0,-2.328170904739789
0,0,0,0,0,0,200,127,100,400,66.074236528711
0,-100,0,0,0,0,0,0,0,0,-7.874604491600722
100,0,0,0,0,0,0,0,0,0,2.874285067579986
-100,-81,-116,-16,-81,-81,-4,-200,-127,-100,-84.78649148068544
-81,0,0,0,0,0,0,0,0,0,-2.328170904739789
0,0,0,0,0,0,200,127,100,400,66.074236528711
0,0,100,0,0,0,0,0,0,0,14.128424526703002
0,-100,0,0,0,0,0,0,0,0,-7.874604491600722
-100,-181,-181,-16,-16,-81,-81,-200,-127,-100,-99.74085947749157
0,100,0,0,0,0,0,0,0,0,7.874604491600722
0,181,16,16,81,81,200,127,100,400,105.83554213074378
0,81,0,0,0,0,0,0,0,0,6.378429638196584
0,0,16,81,81,200,127,100,400,1,102.82869638220141
0,0,81,81,200,127,100,400,1,100,119.47120852872584
0,0,81,200,127,100,400,1,100,500,153.197017377586
0,0,200,127,100,400,1,100,500,105,166.83998264800684
-81,0,0,0,0,0,0,0,0,0,-2.328170904739789
100,0,0,0,0,0,0,0,0,0,2.874285067579986
0,200,127,100,400,1,100,500,105,63,172.34338239732705
0,0,-1,-505,-30,-115,-100,-15,-109,-10,-120.8146974106984
0,0,0,400,505,30,115,100,15,109,167.17218524186214
0,-100,-200,-127,-100,-400,-1,-100,-500,-105,-174.71458713960757
-100,0,0,0,0,0,0,0,0,0,-2.874285067579986
0,0,-200,0,0,0,0,0,0,0,-28.256849053406004
0,0,200,0,0,0,0,0,0,0,28.256849053406004
0,0,-400,0,0,0,0,0,0,0,-56.51369810681201
0,0,127,100,400,1,100,500,105,63,156.59417341412558
0,0,-200,-127,-100,-400,-1,-100,-500,-105,-166.83998264800684
0,0,0,-505,-30,-115,-100,-15,-109,-10,-120.67341316543137
0,0,0,200,505,30,115,100,15,109,134.16076949067173
0,0,0,200,0,0,0,0,0,0,33.011415751190434
-100,0,0,0,0,0,0,0,0,0,-2.874285067579986
0,0,0,200,0,0,0,0,0,0,33.011415751190434
0,0,-200,0,0,0,0,0,0,0,-28.256849053406004
0,0,0,-200,0,0,0,0,0,0,-33.011415751190434
0,0,0,-505,-30,-115,-100,-15,-109,-10,-120.67341316543137
0,0,-65,-400,-127,-100,-400,-1,-100,-500,-183.947885204504
0,0,400,127,100,400,1,100,500,105,195.09683170141284
-1,-281,-100,-400,-127,-100,-400,-1,-100,-500,-211.04921526092386
0,-81,-281,-100,-400,-127,-100,-400,-1,-100,-184.70580565890748
-8,0,0,0,0,0,0,0,0,0,-0.2299428054063989
1,0,0,0,0,0,0,0,0,0,0.02874285067579986
0,0,0,0,200,0,0,0,0,0,27.463233942215954
0,0,0,0,-400,0,0,0,0,0,-54.92646788443191
-200,0,0,0,127,100,400,1,100,500,102.99300762460618
0,0,0,127,100,400,1,100,500,105,138.58313359460084
0,0,0,-86,-127,-100,-400,-1,-100,-500,-122.93648653277805
200,0,0,0,0,0,0,0,0,0,5.748570135159972
0,0,0,127,100,400,1,100,500,105,138.58313359460084
-81,-8,-81,-281,-127,-100,-400,-1,-100,-500,-169.524780020886
0,0,0,100,0,0,0,0,0,0,16.505707875595217
0,0,0,100,0,0,0,0,0,0,16.505707875595217
0,-200,0,0,0,0,0,0,0,0,-15.749208983201443
0,0,0,200,0,0,0,0,0,0,33.011415751190434
0,0,0,200,0,0,0,0,0,0,33.011415751190434
0,200,0,0,0,0,0,0,0,0,15.749208983201443
0,0,0,0,-400,-127,-100,-400,-1,-100,-122.12079522508023
-200,0,0,0,0,0,0,0,0,0,-5.748570135159972
0,-100,0,0,0,0,0,0,0,0,-7.874604491600722
0,0,0,0,0,0,0,0,0,0,0.0
-1207,-1,-905,-30,-115,-100,-15,-109,-10,-45,-210.32153522224644
0,0,-23,0,0,0,0,0,0,0,-3.24953764114169
0,0,0,0,-86,0,0,0,0,0,-11.80919059515286
-4,-281,-108,-104,-81,-486,-127,-100,-400,-1,-175.35319391563047
-16,0,0,0,0,0,0,0,0,0,-0.4598856108127978
0,0,0,23,0,0,0,0,0,0,3.7963128113869002
0,0,0,0,0,86,0,0,0,0,10.0696450191265
-81,-20,-281,-108,-81,-81,-400,-127,-100,-400,-165.83023732861216
0,4,0,0,0,0,0,0,0,0,0.31498417966402886
0,0,0,0,0,-200,127,100,400,1,29.240357103604
0,0,0,0,0,0,0,0,0,0,0.0
-900,0,0,0,0,0,0,0,0,0,-25.868565608219875
-200,-81,-16,-281,-108,-81,-281,-127,-100,-400,-158.33339004656406
0,0,-200,0,0,0,0,0,0,0,-28.256849053406004
0,0,-200,0,0,0,0,0,0,0,-28.256849053406004
-81,0,0,0,0,0,0,0,0,0,-2.328170904739789
0,0,0,0,0,0,81,0,0,0,7.176219819734545
0,0,0,200,0,0,0,0,0,0,33.011415751190434
0,0,0,0,100,0,0,0,0,0,13.731616971107977
200,0,0,0,0,0,0,0,0,0,5.748570135159972
0,0,400,0,0,0,0,0,0,0,56.51369810681201
0,-100,0,0,0,0,0,0,0,0,-7.874604491600722
-200,0,0,0,0,0,0,0,0,0,-5.748570135159972
81,0,0,0,0,0,0,0,0,0,2.328170904739789
0,81,0,0,0,0,0,0,0,0,6.378429638196584
0,0,81,8,81,200,127,100,400,1,99.96300557537386
0,0,0,81,200,127,100,400,1,100,108.0271846620964
0,0,81,200,127,100,400,1,100,500,153.197017377586
0,0,200,127,100,400,1,100,500,105,166.83998264800684
-81,-200,-100,-200,-127,-100,-400,-1,-100,-500,-173.95879792560083
0,0,200,127,100,400,1,100,500,105,166.83998264800684
-200,0,0,0,0,0,0,0,0,0,-5.748570135159972
0,0,-200,0,0,0,0,0,0,0,-28.256849053406004
0,0,0,0,0,0,0,0,0,0,0.0
-180,0,0,0,0,0,0,0,0,0,-5.173713121643975
0,0,-400,0,0,0,0,0,0,0,-56.51369810681201
0,0,200,0,0,0,0,0,0,0,28.256849053406004
0,0,200,0,0,0,0,0,0,0,28.256849053406004
0,0,127,100,400,1,100,500,105,63,156.59417341412558
0,0,-200,-127,-100,-400,-1,-100,-500,-105,-166.83998264800684
0,0,-200,0,0,0,0,0,0,0,-28.256849053406004
0,0,200,505,30,115,100,15,109,10,148.93026221883738
0,0,0,0,0,0,0,0,0,0,0.0
-120,0,0,0,0,0,0,0,0,0,-3.4491420810959834
-1,-200,-505,-30,-115,-100,-15,-109,-10,-45,-134.8144221387052
0,-505,-30,-115,-100,-15,-109,-10,-45,-110,-100.58717596331832
0,0,0,-86,-127,-100,-400,-1,-100,-500,-122.93648653277805
-2,-281,-200,-200,-86,-127,-100,-400,-1,-100,-162.45690706314724
0,0,-4,0,0,0,0,0,0,0,-0.56513698106812
0,0,0,0,0,0,0,0,0,0,0.0
-505,-30,-115,-100,-15,-109,-10,-45,-110,-100,-85.48798302039471
-1,-2,-281,-204,-200,-86,-127,-100,-400,-1,-163.74976710595166
0,-82,-2,-281,-204,-200,-86,-127,-100,-400,-160.52543263660988
-4,0,0,0,0,0,0,0,0,0,-0.11497140270319944
0,0,0,0,0,0,127,100,400,1,52.65813621785168
0,0,0,0,4,0,0,0,0,0,0.5492646788443191
0,0,0,100,0,0,0,0,0,0,16.505707875595217
0,0,0,100,0,0,0,0,0,0,16.505707875595217
0,0,0,0,200,127,100,400,1,100,94.65756128286428
1,0,0,0,0,0,0,0,0,0,0.02874285067579986
0,0,0,0,400,15,109,10,45,110,78.79518277911322
0,-200,0,0,0,0,0,0,0,0,-15.749208983201443
0,0,-100,0,0,0,0,0,0,0,-14.128424526703002
0,100,0,0,0,0,0,0,0,0,7.874604491600722
0,100,0,0,0,0,0,0,0,0,7.874604491600722
-100,0,0,0,0,0,0,0,0,0,-2.874285067579986
0,0,0,200,-15,-109,-10,-45,-110,-100,-2.8456502491414604
0,0,200,-200,0,0,0,0,0,0,-4.75456669778443
0,200,30,115,100,15,109,10,45,110,76.56963226393611
0,0,0,0,-200,0,0,0,0,0,-27.463233942215954
0,0,0,0,200,0,0,0,0,0,27.463233942215954
0,0,-400,0,127,100,400,1,100,500,52.227879652954144
-1,0,0,0,0,0,0,0,0,0,-0.02874285067579986
0,-30,-115,-100,-15,-109,-10,-45,-110,-100,-70.97284342911578
0,0,0,200,0,0,0,0,0,0,33.011415751190434
-4,-105,-82,-502,-81,-127,-100,-400,-1,-100,-181.14420485351417
0,0,0,-200,0,0,0,0,0,0,-33.011415751190434
-16,0,0,0,0,0,0,0,0,0,-0.4598856108127978
0,0,0,0,127,100,400,1,100,500,108.74157775976616
-12,-20,-105,-82,-502,-127,-100,-400,-1,-100,-166.4164058530663
-48,0,0,0,0,0,0,0,0,0,-1.3796568324383933
0,0,0,0,2,0,0,0,0,0,0.27463233942215953
0,0,0,500,127,100,400,1,100,500,191.27011713774223
-82,-60,-20,-105,-500,-127,-100,-400,-1,-100,-163.09076682127983
0,0,4,0,0,0,0,0,0,0,0.56513698106812
0,0,0,4,0,0,0,0,0,0,0.6602283150238087
0,0,0,0,0,0,0,0,0,0,0.0
60,16,101,500,127,100,400,1,100,500,208.5243336689164
0,0,0,400,0,0,0,0,0,0,66.02283150238087
12,0,0,0,0,0,0,0,0,0,0.34491420810959833
0,0,0,127,100,400,1,100,500,105,138.58313359460084
0,0,100,0,0,0,0,0,0,0,14.128424526703002
0,0,0,200,0,0,0,0,0,0,33.011415751190434
0,0,0,-200,-127,-100,-400,-1,-100,-500,-141.7529935109566
0,0,0,-200,0,0,0,0,0,0,-33.011415751190434
-200,0,0,0,0,0,0,0,0,0,-5.748570135159972
0,-100,-16,-1,-400,-127,-100,-400,-1,-100,-132.4210047197094
0,200,0,-200,0,0,0,0,0,0,-17.262206767988992
0,0,0,0,0,0,0,0,0,0,0.0
1,0,0,0,0,0,0,0,0,0,0.02874285067579986
0,-200,0,0,0,0,0,0,0,0,-15.749208983201443
0,0,0,200,0,0,0,0,0,0,33.011415751190434
0,0,0,-200,0,0,0,0,0,0,-33.011415751190434
-82,-247,-100,-16,-1,-400,-127,-100,-400,-1,-138.2075352525257
0,100,0,0,0,0,0,0,0,0,7.874604491600722
0,0,16,1,400,127,100,400,1,100,124.54640022810867
0,0,0,0,400,15,109,10,45,110,78.79518277911322
-200,0,0,0,0,0,0,0,0,0,-5.748570135159972
0,0,0,0,200,0,0,0,0,0,27.463233942215954
0,0,-200,0,127,100,400,1,100,500,80.48472870636016
0,0,0,0,0,0,0,0,0,0,0.0
6,0,0,0,0,0,0,0,0,0,0.17245710405479917
0,0,200,0,0,0,0,0,0,0,28.256849053406004
0,0,0,0,-400,-127,-100,-400,-1,-100,-122.12079522508023
0,0,0,0,-15,-109,-10,-45,-110,-100,-35.8570660003319
0,0,0,0,400,0,0,0,0,0,54.92646788443191
0,0,0,-4,-1,-400,-127,-100,-400,-1,-100.29123893108192
0,0,0,0,0,0,-89,-127,-100,-400,-56.24015751648217
-4,-276,-147,-16,-4,-1,-400,-89,-127,-100,-106.8643573755719
-16,0,0,0,0,0,0,0,0,0,-0.4598856108127978
0,0,0,0,0,0,0,0,0,0,0.0
-500,0,0,0,0,0,0,0,0,0,-14.37142533789993
-30,-115,-100,-415,-109,-10,-45,-110,-100,-55,-134.65254430865653
-106,-20,-276,-147,-16,-4,-1,-400,-89,-127,-123.14505161143077
-100,0,0,0,0,0,0,0,0,0,-2.874285067579986
-100,0,0,0,0,0,0,0,0,0,-2.874285067579986
0,0,0,-400,0,0,0,0,0,0,-66.02283150238087
100,0,0,0,0,0,0,0,0,0,2.874285067579986
100,0,0,0,0,0,0,0,0,0,2.874285067579986
100,0,0,0,0,0,0,0,0,0,2.874285067579986
-82,0,0,0,0,0,0,0,0,0,-2.356913755415589
0,0,0,0,0,0,0,0,127,100,17.450095172631855
0,0,0,0,0,1,400,127,100,400,83.9103867075774
0,4,0,0,0,0,0,0,0,0,0.31498417966402886
0,0,100,0,0,0,0,0,0,0,14.128424526703002
0,0,100,100,0,0,0,0,0,0,30.63413240229822
6,0,0,0,0,0,0,0,0,0,0.17245710405479917
0,0,0,200,15,109,10,45,110,100,68.86848175152232
0,0,0,0,0,-200,-1,0,0,0,-23.50637442066415
0,-100,0,0,0,0,0,0,0,0,-7.874604491600722
-200,0,0,0,0,0,0,0,0,0,-5.748570135159972
0,0,0,-1,0,0,0,0,0,0,-0.16505707875595219
100,0,0,0,0,0,0,0,0,0,2.874285067579986
0,0,0,0,0,-200,0,0,0,0,-23.417779114247676
0,0,0,0,0,0,0,0,0,0,0.0
0,0,0,0,0,0,0,0,0,0,0.0
0,0,0,0,0,0,0,0,0,0,0.0
-10,0,0,0,0,0,0,0,0,0,-0.2874285067579986
-4,0,0,0,0,0,0,0,0,0,-0.11497140270319944
0,0,0,0,0,0,0,-87,-127,-100,-25.320378076919447
0,0,0,-15,-109,-10,-45,-110,-100,-55,-44.58320759395782
-100,-182,-116,-76,-48,-16,-200,-1,-87,-127,-88.5783851487121
-100,0,0,0,0,0,0,0,0,0,-2.874285067579986
-6,-200,-182,-116,-76,-48,-16,-200,-1,-87,-102.69192814606795
0,0,0,0,0,0,200,1,87,127,33.97441099471931
0,0,0,0,0,0,0,0,0,0,0.0
-115,-100,-15,-109,-10,-45,-110,-100,-55,-1,-61.236084847638175
-148,-6,-200,-182,-116,-76,-48,-200,-1,-87,-116.53974951079061
0,-100,-6,-200,-182,-116,-76,-48,-200,-1,-107.59915677140489
-6,0,0,0,0,0,0,0,0,0,-0.17245710405479917
0,-34,0,0,0,0,0,0,0,0,-2.677365527144245
0,100,0,0,0,0,0,0,0,0,7.874604491600722
0,0,0,100,0,0,0,0,0,0,16.505707875595217
0,0,0,182,116,76,48,200,1,87,83.55648228787018
0,-100,0,0,0,0,0,0,0,0,-7.874604491600722
-100,0,0,0,0,0,0,0,0,0,-2.874285067579986
-82,0,0,0,0,0,0,0,0,0,-2.356913755415589
0,0,0,0,0,0,47,0,0,0,4.163979401574366
0,0,0,0,0,1,200,1,87,127,34.09149989029055
0,100,0,0,0,0,0,0,0,0,7.874604491600722
100,0,0,0,0,0,0,0,0,0,2.874285067579986
-100,-236,-34,-6,-182,-116,-1,-200,-1,-87,-90.35089605586575
0,148,0,0,0,0,0,0,0,0,11.654414647569068
0,0,0,0,0,0,0,0,0,0,0.0
88,34,6,182,116,1,200,1,87,127,86.11500576857591
0,0,0,0,16,0,0,0,0,0,2.1970587153772763
-100,-88,-34,-6,-182,-100,-1,-200,-1,-87,-76.82305907915686
0,0,0,0,0,0,0,1,87,127,16.255349711424138
0,6,0,0,0,0,0,0,0,0,0.47247626949604327
0,0,0,0,82,0,0,0,0,0,11.259925916308541
0,0,0,0,0,0,0,0,127,100,17.450095172631855
0,0,0,0,0,0,0,0,0,0,0.0
-100,-15,-109,-10,-45,-110,-100,-55,-1,-50,-57.68004166680508
0,0,0,0,-87,-100,-100,-1,-1,-127,-41.82830414235289
0,-100,0,0,0,0,0,0,0,0,-7.874604491600722
0,100,0,0,0,0,0,0,0,0,7.874604491600722
0,0,0,0,100,100,1,1,127,100,43.06966002916851
0,0,0,0,0,1,1,127,100,400,48.56085944740353
0,0,0,0,1,1,127,100,400,1,52.91254128313399
0,0,6,1,1,127,100,400,1,100,68.34440606071753
0,0,0,0,-200,-1,-127,-100,-400,-1,-80.23845905563887
0,0,0,0,-200,0,0,0,0,0,-27.463233942215954
0,0,0,0,0,200,110,100,55,1,46.72118438134738
0,0,0,0,200,45,0,0,0,0,32.73223424292168
-100,0,0,0,0,0,0,0,0,0,-2.874285067579986
0,-100,-82,-6,-1,-200,-1,-127,-100,-400,-92.44912091182394
0,0,0,0,0,-200,0,0,0,0,-23.417779114247676
0,0,0,0,0,-200,0,0,0,0,-23.417779114247676
0,0,0,0,200,0,0,0,0,0,27.463233942215954
0,0,0,0,0,200,0,0,0,0,23.417779114247676
0,0,0,0,-400,-1,0,0,0,0,-55.043556780003144
0,0,0,400,1,1,127,100,400,1,118.93537278551486
0,0,0,0,200,0,0,0,0,0,27.463233942215954
0,0,0,0,-200,0,0,0,0,0,-27.463233942215954
0,0,400,109,10,0,0,0,0,0,75.8780813883216
0,0,400,1,1,127,100,400,1,100,124.01039869592735
0,0,0,0,0,0,0,0,0,0,0.0
100,0,0,0,0,0,0,0,0,0,2.874285067579986
100,400,1,1,127,100,400,1,100,500,143.420622117772
-28,-100,-400,-1,-1,-127,-100,-400,-1,-100,-132.68980300645046
0,0,1,1,127,100,400,1,100,500,109.04791908378914
0,0,0,0,0,0,0,0,0,0,0.0
2,0,0,0,0,0,0,0,0,0,0.05748570135159972
100,1,1,127,100,400,1,100,500,105,141.67744895236387
0,-200,-1,-1,-127,-100,-400,-1,-100,-500,-124.79712806699058
200,1,1,127,100,400,1,100,500,105,144.55173401994386
1,1,127,100,400,1,100,500,105,63,156.7016623097174
-400,-1,-1,-127,-100,-400,-1,-100,-500,-105,-150.30030415510382
0,-100,0,0,0,0,0,0,0,0,-7.874604491600722
-100,0,0,0,0,0,0,0,0,0,-2.874285067579986
400,0,0,0,0,0,0,0,0,0,11.497140270319944
0,0,-400,-1,-127,-100,-400,-1,-100,-500,-165.4203329453341
0,100,0,0,0,0,0,0,0,0,7.874604491600722
1,400,1,127,100,400,1,100,500,105,170.25157865694655
0,1,127,100,400,1,100,500,105,63,156.6729194590416
0,-400,-1,-127,-100,-400,-1,-100,-500,-105,-170.22283580627075
0,-100,0,0,0,0,0,0,0,0,-7.874604491600722
0,0,-100,0,0,0,0,0,0,0,-14.128424526703002
0,100,0,0,0,0,0,0,0,0,7.874604491600722
0,-100,-400,-101,-127,-100,-400,-1,-100,-500,-189.80064531253007
0,-400,-100,0,0,0,0,0,0,0,-45.62684249310589
0,0,0,100,0,0,0,0,0,0,16.505707875595217
0,-100,0,0,0,0,0,0,0,0,-7.874604491600722
0,100,0,0,0,0,0,0,0,0,7.874604491600722
0,-100,-400,-100,-1,-127,-100,-400,-1,-100,-148.22565398436734
0,-400,100,1,127,100,400,1,100,500,91.53664139882221
0,0,1,127,100,400,1,100,500,105,138.72441783986787
0,0,-100,-1,-127,-100,-400,-1,-100,-500,-123.0350593652251
0,100,0,0,0,0,0,0,0,0,7.874604491600722
-100,0,0,0,0,0,0,0,0,0,-2.874285067579986
1,100,15,400,109,10,45,110,100,55,118.1527939362814
-400,100,1,127,100,400,1,100,500,105,135.10188206114864
0,1,127,100,400,1,100,500,105,63,156.6729194590416
-100,-501,-1,-127,-100,-400,-1,-100,-500,-105,-181.05047141036746
0,100,0,0,0,0,0,0,0,0,7.874604491600722
0,0,-100,-1,-127,-100,-400,-1,-100,-500,-123.0350593652251
-2,-100,-401,-100,-1,-127,-100,-400,-1,-100,-148.424423930986
0,0,0,-109,-10,-45,-110,-100,-55,-1,-47.936788849315015
0,0,0,200,0,0,0,0,0,0,33.011415751190434
0,0,0,200,0,0,0,0,0,0,33.011415751190434
0,0,0,-200,0,0,0,0,0,0,-33.011415751190434
0,0,0,200,109,10,45,110,100,55,75.11876716380897
0,-400,400,0,0,0,0,0,0,0,25.01528014040912
0,0,0,1,127,100,400,1,100,500,108.90663483852211
0,-100,-500,-1,-1,-127,-100,-400,-1,-100,-146.01342771423106
0,0,100,0,0,0,0,0,0,0,14.128424526703002
0,0,0,-100,0,0,0,0,0,0,-16.505707875595217
0,0,0,0,127,100,400,1,100,500,108.74157775976616
-1,-2,-100,-400,-101,-127,-100,-400,-1,-100,-161.40075145105908
-4,0,0,0,0,0,0,0,0,0,-0.11497140270319944
0,0,400,101,127,100,400,1,100,500,181.92604082092933
0,0,0,100,0,0,0,0,0,0,16.505707875595217
0,0,1,127,100,400,1,100,500,105,138.72441783986787
0,0,-200,0,0,0,0,0,0,0,-28.256849053406004
0,0,200,0,0,0,0,0,0,0,28.256849053406004
0,0,0,-200,-127,-100,-400,-1,-100,-500,-141.7529935109566
0,0,-100,-1,-200,-127,-100,-400,-1,-100,-108.95104288832323
0,0,0,-100,-1,-200,-127,-100,-400,-1,-92.71893937740565
0,0,0,1,200,127,100,400,1,100,94.82261836162023
0,-100,1,200,127,100,400,1,100,500,134.0196732646229
0,100,0,0,0,0,0,0,0,0,7.874604491600722
0,0,0,-100,-200,-127,-100,-400,-1,-100,-111.1632691584595
0,0,0,-100,-100,-200,-127,-100,-400,-1,-106.31324017880254
0,0,-14,-1,-100,-100,-200,-127,-100,-400,-93.65777956943717
0,0,1,100,100,200,127,100,400,1,106.45452442406958
0,0,0,100,200,127,100,400,1,100,111.1632691584595
0,0,0,200,127,100,400,1,100,500,141.7529935109566
0,0,0,-100,-200,-127,-100,-400,-1,-100,-111.1632691584595
0,0,0,0,-100,-200,-127,-100,-400,-1,-89.80753230320732
0,0,0,100,200,127,100,400,1,100,111.1632691584595
0,0,0,200,127,100,400,1,100,500,141.7529935109566
0,0,-100,-1,-200,-127,-100,-400,-1,-100,-108.95104288832323
0,0,0,-100,0,0,0,0,0,0,-16.505707875595217
0,0,0,0,0,0,0,0,0,0,0.0
1,0,0,0,0,0,0,0,0,0,0.02874285067579986
0,0,101,200,127,100,400,1,100,500,156.02270228292662
0,0,100,0,0,0,0,0,0,0,14.128424526703002
0,0,-100,-1,-200,-127,-100,-400,-1,-100,-108.95104288832323
-100,0,0,0,0,0,0,0,0,0,-2.874285067579986
0,0,0,0,0,0,0,0,0,0,0.0
4,0,0,0,0,0,0,0,0,0,0.11497140270319944
2,100,1,200,127,100,400,1,100,500,149.82636794917596
100,1,200,127,100,400,1,100,500,105,169.79301376050284
11,0,0,0,0,0,0,0,0,0,0.3161713574337985
100,1,100,15,200,109,10,45,110,100,80.81786921741993
122,100,1,100,15,200,109,10,45,110,75.61812751593716
0,100,0,0,0,0,0,0,0,0,7.874604491600722
0,22,0,0,0,0,0,0,0,0,1.7324129881521588
100,0,0,0,0,0,0,0,0,0,2.874285067579986
-100,0,0,0,0,0,0,0,0,0,-2.874285067579986
0,-100,0,0,0,0,0,0,0,0,-7.874604491600722
0,0,0,0,0,0,0,0,0,0,0.0
-100,0,0,0,0,0,0,0,0,0,-2.874285067579986
0,-100,0,0,0,0,0,0,0,0,-7.874604491600722
100,0,0,0,0,0,0,0,0,0,2.874285067579986
0,0,0,0,0,0,0,0,0,0,0.0
1,0,0,0,0,0,0,0,0,0,0.02874285067579986
-100,0,0,0,0,0,0,0,0,0,-2.874285067579986
-22,-1,-100,-15,-200,-109,-10,-45,-110,-100,-78.57592686470754
-1,-100,-15,-200,-109,-10,-45,-110,-100,-55,-85.14137818509094
1,200,127,100,400,1,100,500,105,63,172.37212524800285
-100,-1,-200,-127,-100,-400,-1,-100,-500,-105,-169.79301376050284
-86,0,0,0,0,0,0,0,0,0,-2.471885158118788
100,0,0,0,0,0,0,0,0,0,2.874285067579986
-100,-86,-1,-200,-127,-100,-400,-1,-100,-500,-151.54072268658024
-86,0,0,0,0,0,0,0,0,0,-2.471885158118788
0,0,0,0,0,0,0,0,0,0,0.0
100,0,0,0,0,0,0,0,0,0,2.874285067579986
86,1,200,127,100,400,1,100,500,105,169.39061385104165
100,1,100,15,200,109,10,45,110,100,80.81786921741993
6,0,0,0,0,0,0,0,0,0,0.17245710405479917
100,0,0,0,0,0,0,0,0,0,2.874285067579986
0,100,1,100,15,200,109,10,45,110,72.11149973348957
-100,0,127,100,400,1,100,500,105,63,153.71988834654562
-100,0,0,0,0,0,0,0,0,0,-2.874285067579986
0,-1,-100,-15,-200,-109,-10,-45,-110,-100,-77.94358414983995
-1,-100,-15,-200,-109,-10,-45,-110,-100,-55,-85.14137818509094
0,0,-200,-127,-100,-400,-1,-100,-500,-105,-166.83998264800684
-100,-86,-1,-200,-127,-100,-400,-1,-100,-500,-151.54072268658024
-86,0,0,0,0,0,0,0,0,0,-2.471885158118788
0,0,0,0,0,0,0,0,0,0,0.0
100,0,0,0,0,0,0,0,0,0,2.874285067579986
86,1,200,127,100,400,1,100,500,105,169.39061385104165
14,0,0,0,0,0,0,0,0,0,0.4023999094611981
6,1,100,15,200,109,10,45,110,100,78.11604125389475
100,0,0,0,0,0,0,0,0,0,2.874285067579986
100,0,0,0,0,0,0,0,0,0,2.874285067579986
0,100,1,100,15,200,109,10,45,110,72.11149973348957
-100,0,0,0,0,0,0,0,0,0,-2.874285067579986
-100,0,0,0,0,0,0,0,0,0,-2.874285067579986
0,-1,-100,-15,-200,-109,-10,-45,-110,-100,-77.94358414983995
0,0,127,100,400,1,100,500,105,63,156.59417341412558
-1,-100,-15,-200,-109,-10,-45,-110,-100,-55,-85.14137818509094
0,0,-200,-127,-100,-400,-1,-100,-500,-105,-166.83998264800684
0,0,200,-109,-10,-45,-110,-100,-55,-1,-19.67993979590901
0,0,0,0,0,0,0,0,0,0,0.0
18,0,0,0,0,0,0,0,0,0,0.5173713121643975
0,0,127,100,400,1,100,500,105,63,156.59417341412558
0,127,100,400,1,100,500,105,63,60,165.19902500718726
0,-200,-127,-100,-400,-1,-100,-500,-105,-63,-172.34338239732705
0,0,-200,0,0,0,0,0,0,0,-28.256849053406004
0,0,0,200,109,10,45,110,100,55,75.11876716380897
0,-200,0,0,0,0,0,0,0,0,-15.749208983201443
0,200,0,0,0,0,0,0,0,0,15.749208983201443
0,-200,0,0,0,0,0,0,0,0,-15.749208983201443
0,-200,0,0,0,0,0,0,0,0,-15.749208983201443
0,-14,-200,-127,-100,-400,-1,-100,-500,-105,-167.94242727683095
0,200,127,100,400,1,100,500,105,63,172.34338239732705
0,127,100,400,1,100,500,105,63,60,165.19902500718726
0,-200,-127,-100,-400,-1,-100,-500,-105,-63,-172.34338239732705
0,-200,0,0,0,0,0,0,0,0,-15.749208983201443
0,0,0,-109,-10,-45,-110,-100,-55,-1,-47.936788849315015
0,0,0,200,109,10,45,110,100,55,75.11876716380897
0,-200,0,0,0,0,0,0,0,0,-15.749208983201443
0,127,100,400,1,100,500,105,63,60,165.19902500718726
0,-200,-127,-100,-400,-1,-100,-500,-105,-63,-172.34338239732705
0,0,0,200,0,0,0,0,0,0,33.011415751190434
0,0,0,0,0,0,0,0,0,0,0.0
46,0,0,0,0,0,0,0,0,0,1.3221711310867936
0,0,200,-109,-10,-45,-110,-100,-55,-1,-19.67993979590901
1,1,100,215,109,10,45,110,100,55,91.83053676744306
0,0,0,0,0,0,0,0,0,0,0.0
200,127,100,400,1,100,500,105,63,60,170.94759514234724
127,100,400,1,100,500,105,63,60,30,162.48425395172367
0,100,1,100,215,109,10,45,110,100,87.84189655501082
0,-1,-100,-215,-109,-10,-45,-110,-100,-55,-91.80179391676727
-200,-127,-100,-400,-1,-100,-500,-105,-63,-60,-170.94759514234724
127,100,400,1,100,500,105,63,60,30,162.48425395172367
-200,-127,-100,-400,-1,-100,-500,-105,-63,-60,-170.94759514234724
0,0,0,200,15,109,10,45,110,100,68.86848175152232
-200,0,0,0,0,0,0,0,0,0,-5.748570135159972
-20,-400,-127,-100,-400,-1,-100,-500,-105,-63,-188.66744839404447
0,200,0,0,0,0,0,0,0,0,15.749208983201443
0,-200,0,0,0,0,0,0,0,0,-15.749208983201443
0,-200,0,0,0,0,0,0,0,0,-15.749208983201443
0,127,100,400,1,100,500,105,63,60,165.19902500718726
0,-200,-127,-100,-400,-1,-100,-500,-105,-63,-172.34338239732705
0,-200,0,0,0,0,0,0,0,0,-15.749208983201443
0,200,0,0,0,0,0,0,0,0,15.749208983201443
0,-200,0,0,0,0,0,0,0,0,-15.749208983201443
0,0,0,0,0,0,0,0,0,0,0.0
-1,-100,-200,-15,-109,-10,-45,-110,-100,-55,-80.74340398964034
-13,-20,-200,-127,-100,-400,-1,-100,-500,-105,-168.7885606051124
0,-11,-20,-200,-127,-100,-400,-1,-100,-500,-145.44488491037328
-2,-13,-11,-20,-200,-127,-100,-400,-1,-100,-100.59401384118034
0,-5,0,0,0,0,0,0,0,0,-0.3937302245800361
0,0,-15,-109,-10,-45,-110,-100,-55,-1,-50.056052528320464
18,11,20,200,127,100,400,1,100,500,145.96225622253766
5,0,0,0,0,0,0,0,0,0,0.1437142533789993
11,20,200,127,100,400,1,100,500,105,168.7310749037608
20,200,127,100,400,1,100,500,105,63,172.91823941084303
0,0,200,15,109,10,45,110,100,55,72.84005664736382
0,-200,0,0,0,0,0,0,0,0,-15.749208983201443
0,0,-15,-109,-10,-45,-110,-100,-55,-1,-50.056052528320464
0,0,0,200,109,10,45,110,100,55,75.11876716380897
-14,-20,-400,-127,-100,-400,-1,-100,-500,-105,-197.0741525091942
